,ride_id,rideable_type,started_at,ended_at,start_station_name,start_station_id,end_station_name,end_station_id,start_lat,start_lng,end_lat,end_lng,member_casual,date,average_temp,trip_length_minutes,daily_ride_count,month,season
0,3369D016821ACD0A,classic_bike,2022-01-01 09:55:25.013,2022-01-01 10:05:47.093,Lafayette St & E 8 St,5788.13,8 Ave & W 16 St,6072.11,40.73020660529954,-73.99102628231049,40.740983,-74.001702,casual,2022-01-01,11.6,10.368,5105,1,winter
5105,EF47BB9761EB7F50,electric_bike,2022-01-02 11:38:08.176,2022-01-02 11:54:46.034,St James Pl & Oliver St,5238.05,8 Ave & W 31 St,6450.05,40.71307916,-73.99851193,40.7505853470215,-73.9946848154068,casual,2022-01-02,11.4,16.630966666666666,10561,1,winter
15666,B5E8659E2663D5A8,classic_bike,2022-01-03 18:48:26.327,2022-01-03 19:11:39.596,E 65 St & 2 Ave,6860.12,Crescent St & Broadway,6827.11,40.76471851944339,-73.96222069859505,40.7633589,-73.9286471,member,2022-01-03,1.4,23.22115,8028,1,winter
23694,A6A92F9014FBE3B7,classic_bike,2022-01-04 13:05:17.258,2022-01-04 13:36:53.648,Leonard St & Church St,5359.11,Leonard St & Church St,5359.11,40.717571,-74.005549,40.717571,-74.005549,member,2022-01-04,-2.7,31.6065,9106,1,winter
32800,3EAB103A064FDA4A,classic_bike,2022-01-05 17:05:17.751,2022-01-05 17:20:00.795,W 30 St & 10 Ave,6459.07,11 Ave & W 41 St,6726.01,40.752694,-74.002353,40.76030096,-73.99884222,member,2022-01-05,3.2,14.7174,8309,1,winter
41109,DA278E86349E4162,classic_bike,2022-01-06 19:45:43.303,2022-01-06 19:49:44.107,E 1 St & 1 Ave,5593.01,E 11 St & 1 Ave,5746.14,40.72335597960796,-73.98864984512329,40.72953837,-73.98426726,member,2022-01-06,4.9,4.0134,11009,1,winter
52118,BAA284C2373DE745,classic_bike,2022-01-07 17:34:13.890,2022-01-07 17:46:44.226,Lenox Ave & W 130 St,7753.13,Lenox Ave & W 111 St,7602.05,40.8107922,-73.9430681,40.7987859,-73.9523,member,2022-01-07,0.7,12.5056,4165,1,winter
56283,149B0CDEF3493E49,classic_bike,2022-01-08 15:56:06.816,2022-01-08 16:31:46.607,E 72 St & Park Ave,6998.08,Perry St & Greenwich Ave,5955.12,40.77118287540658,-73.96409422159195,40.735918,-74.000939,member,2022-01-08,-2.5,35.663183333333336,5949,1,winter
62232,2E32306FE6105053,classic_bike,2022-01-09 20:48:29.299,2022-01-09 20:52:20.606,Hope St & Union Ave,5187.03,Boerum St & Broadway,5004.02,40.71167351,-73.95141312,40.70538077,-73.94976519,member,2022-01-09,1.4,3.8551166666666665,5270,1,winter
67502,89B9CAF9417BD9B7,classic_bike,2022-01-10 11:06:52.837,2022-01-10 11:11:52.548,W 20 St & 7 Ave,6182.02,MacDougal St & Washington Sq,5797.01,40.74238787,-73.99726235,40.73226398,-73.99852205,member,2022-01-10,1.6,4.995183333333333,8648,1,winter
76150,900A187DABBCD5AA,electric_bike,2022-01-11 13:14:56.616,2022-01-11 13:28:14.353,MacDougal St & Prince St,5687.04,W 41 St & 8 Ave,6602.03,40.72710258,-74.00297088,40.75640548,-73.9900262,member,2022-01-11,-5.4,13.295616666666666,6482,1,winter
82632,DE8EB371279E5934,electric_bike,2022-01-12 16:14:58.341,2022-01-12 16:31:47.088,Lexington Ave & E 111 St,7567.06,St Nicholas Ave & W 134 St,7837.30,40.7954121,-73.9441232,40.816234,-73.948222,member,2022-01-12,-1.9,16.81245,10166,1,winter
92798,A439A4094C161159,electric_bike,2022-01-13 14:00:47.533,2022-01-13 14:05:35.958,E 88 St & 1 Ave,7235.13,2 Ave & E 72 St,6925.09,40.778301,-73.9488134,40.7687620293096,-73.95840793848038,member,2022-01-13,4.0,4.807083333333334,12700,1,winter
105498,E4D99F180E988038,classic_bike,2022-01-14 17:40:14.818,2022-01-14 17:45:53.599,W 42 St & 6 Ave,6517.08,E 53 St & Madison Ave,6659.03,40.75492,-73.98455,40.759711,-73.974023,member,2022-01-14,4.8,5.64635,11243,1,winter
116741,8204712CC6F8429D,classic_bike,2022-01-15 14:29:17.986,2022-01-15 14:33:23.597,W 107 St & Columbus Ave,7619.05,West End Ave & W 107 St,7650.05,40.7997568,-73.9621128676,40.8021174,-73.9681805305,member,2022-01-15,-6.7,4.093516666666667,5625,1,winter
122366,842649A22C789B31,electric_bike,2022-01-16 13:18:39.645,2022-01-16 13:24:08.165,Lafayette Ave & Classon Ave,4452.01,Hanson Pl & Ashland Pl,4395.07,40.68900443,-73.96023854,40.68506807308177,-73.97790759801863,member,2022-01-16,-8.0,5.475333333333333,5217,1,winter
127583,24C8CD28036DDDB7,classic_bike,2022-01-17 12:04:59.148,2022-01-17 12:07:09.591,4 Ave & E 12 St,5788.15,E 17 St & Broadway,5980.07,40.732647,-73.99011,40.73704984,-73.99009296,member,2022-01-17,3.9,2.1740500000000003,7272,1,winter
134855,43CCF14FD4C4AFA6,classic_bike,2022-01-18 09:07:26.051,2022-01-18 09:12:22.213,Greenwich Ave & Charles St,5914.08,W 18 St & 6 Ave,6064.08,40.735238,-74.000271,40.73971301,-73.99456405,member,2022-01-18,1.8,4.936033333333333,10635,1,winter
145490,0B10FF551396E135,electric_bike,2022-01-19 07:38:38.140,2022-01-19 07:43:37.530,31 St & Astoria Blvd,6989.07,31 St & 23 Ave,7144.01,40.7699176,-73.9184057,40.7747878,-73.9125551,member,2022-01-19,3.2,4.989833333333333,13536,1,winter
159026,7E5DDDB48E3CF143,electric_bike,2022-01-20 18:26:19.383,2022-01-20 18:39:45.289,W 49 St & 8 Ave,6747.06,W 35 St & 9 Ave,6569.09,40.76227205,-73.98788205,40.75414519263519,-73.9960889518261,member,2022-01-20,5.1,13.431766666666666,8385,1,winter
167411,12241D05768C14B2,electric_bike,2022-01-21 10:44:42.728,2022-01-21 10:46:54.929,10 Ave & W 28 St,6459.04,W 35 St & Dyer Ave,6569.08,40.75066386,-74.00176802,40.754691750226016,-73.99740189313889,member,2022-01-21,-6.0,2.20335,8364,1,winter
175775,0700133C2C696B84,electric_bike,2022-01-22 01:51:46.955,2022-01-22 01:54:58.323,W 37 St & 10 Ave,6611.02,W 37 St & 10 Ave,6611.02,40.75660359,-73.9979009,40.75660359,-73.9979009,member,2022-01-22,-5.9,3.1894666666666667,7908,1,winter
183683,40A43494DAFB6D1E,electric_bike,2022-01-23 11:35:29.300,2022-01-23 12:03:56.131,Warren St & W Broadway,5288.09,W 64 St & Thelonious Monk Circle,7123.04,40.71473993,-74.00910627,40.77515953434235,-73.98918695747852,member,2022-01-23,-0.7,28.44718333333333,8275,1,winter
191958,E9F79FA0080D7B1A,classic_bike,2022-01-24 15:52:50.730,2022-01-24 15:54:51.274,Forsyth St & Broome St,5453.05,Allen St & Hester St,5342.10,40.71893904,-73.99266288,40.71605866,-73.99190759,member,2022-01-24,-0.2,2.0090666666666666,10231,1,winter
202189,1BA9BC849B4AAC9A,electric_bike,2022-01-25 18:46:24.598,2022-01-25 18:53:05.940,Pike St & Monroe St,5159.04,E 2 St & Avenue B,5515.02,40.71173107,-73.99193043,40.72217444,-73.98368779,member,2022-01-25,3.6,6.689033333333333,12719,1,winter
214908,BF039778AC9374DA,electric_bike,2022-01-26 13:44:27.812,2022-01-26 13:50:42.750,E 2 St & Avenue B,5515.02,W Broadway & Spring St,5569.06,40.72217444,-73.98368779,40.72494672359416,-74.00165855884552,member,2022-01-26,-2.3,6.248966666666666,10387,1,winter
225295,F9367F6CF1C28C44,classic_bike,2022-01-27 19:01:28.918,2022-01-27 19:09:38.010,Lexington Ave & E 24 St,6089.07,Washington Pl & Broadway,5755.01,40.74025878,-73.98409214,40.72903917,-73.99404649,member,2022-01-27,-4.2,8.151533333333333,10922,1,winter
236217,63A9C87C71AC7C39,classic_bike,2022-01-28 18:00:51.881,2022-01-28 18:03:12.796,Old Slip & South St,4993.13,William St & Pine St,5065.12,40.70336686695866,-74.007867872715,40.70717936,-74.00887308,member,2022-01-28,0.1,2.348583333333333,8692,1,winter
244909,4B0642945858F25D,electric_bike,2022-01-29 02:48:16.033,2022-01-29 03:08:04.782,Hudson St & W 13 St,6115.06,E 40 St & Park Ave,6432.11,40.74005708567285,-74.0052741765976,40.750756,-73.978326,member,2022-01-29,-4.8,19.812483333333333,730,1,winter
245639,EABEACCCCDCFD6E7,electric_bike,2022-01-30 10:45:25.960,2022-01-30 11:00:07.616,S 3 St & Bedford Ave,5235.05,Lafayette Ave & Classon Ave,4452.01,40.71260486,-73.96264403,40.68900443,-73.96023854,casual,2022-01-30,-7.1,14.694266666666666,2327,1,winter
247966,124DE5591D189214,electric_bike,2022-01-31 19:27:14.729,2022-01-31 19:42:54.826,E 82 St & East End Ave,7049.04,W 90 St & Amsterdam Ave,7432.04,40.7724607,-73.9468208,40.79017948095081,-73.97288918495178,member,2022-01-31,-3.4,15.668283333333331,5510,1,winter
253476,000EDE64A2BAB662,electric_bike,2022-02-01 08:11:30.309,2022-02-01 08:23:24.913,Park Ave & E 124 St,7682.01,Amsterdam Ave & W 119 St,7727.08,40.8045555,-73.9396861,40.80863217506367,-73.95958609887202,member,2022-02-01,-1.7,11.910066666666667,7253,2,winter
260729,DC0C03C41AF31F79,classic_bike,2022-02-02 18:21:31.086,2022-02-02 18:24:34.384,W 18 St & 9 Ave,6190.03,8 Ave & W 16 St,6072.11,40.7435337324616,-74.00367558002472,40.740983,-74.001702,member,2022-02-02,2.3,3.0549666666666666,10446,2,winter
271175,8B126BB88CF66571,classic_bike,2022-02-03 16:16:55.449,2022-02-03 16:18:40.241,9 Ave & W 18 St,6190.08,9 Ave & W 22 St,6266.06,40.74317449,-74.00366443,40.7454973,-74.00197139,member,2022-02-03,6.4,1.7465333333333333,6577,2,winter
277752,16F2D243334FD19D,classic_bike,2022-02-04 16:25:56.172,2022-02-04 16:57:35.944,Prospect Pl & 6 Ave,4166.08,Union St & 4 Ave,4175.15,40.6793307,-73.97519523,40.6772744,-73.98282002,member,2022-02-04,5.8,31.662866666666662,5049,2,winter
282801,D4B191EF496E1621,classic_bike,2022-02-05 17:13:46.948,2022-02-05 17:23:10.238,E 13 St & 2 Ave,5820.08,Forsyth St\t& Grand St,5382.07,40.73153937464073,-73.9853024482727,40.71779817737835,-73.99316132068634,member,2022-02-05,-2.8,9.388166666666669,7489,2,winter
290290,8A97D152C17A95A1,classic_bike,2022-02-06 13:54:20.315,2022-02-06 14:13:45.098,N 12 St & Bedford Ave,5450.04,Morgan Ave & Maspeth Ave,5354.01,40.72079821,-73.95484712,40.716657,-73.93637,casual,2022-02-06,-4.8,19.41305,7153,2,winter
297443,A65D3E90954CEF16,classic_bike,2022-02-07 08:29:47.797,2022-02-07 08:33:55.702,Spruce St & Gold St,5137.13,Water St & Gouverneur Ln,4993.15,40.7103231,-74.0043228,40.70469667894968,-74.00803416967392,member,2022-02-07,0.5,4.13175,7662,2,winter
305105,BF5FFE62F5933E2B,classic_bike,2022-02-08 18:48:14.460,2022-02-08 19:35:34.135,Washington Pl & Broadway,5755.01,27 St & Hunter St,6310.06,40.72903917,-73.99404649,40.7485,-73.941275,member,2022-02-08,4.1,47.32791666666667,12926,2,winter
318031,5969E146D63C6E87,classic_bike,2022-02-09 15:30:37.703,2022-02-09 15:33:23.239,W 63 St & Broadway,7052.01,W 59 St & 10 Ave,7023.04,40.77163851,-73.98261428,40.770513,-73.988038,member,2022-02-09,2.8,2.7589333333333332,13998,2,winter
332029,A05D3824316C1264,electric_bike,2022-02-10 15:45:26.607,2022-02-10 16:01:09.584,Greene Ave & Nostrand Ave,4519.02,Willoughby Ave & Wyckoff Ave,5010.02,40.6883337,-73.950916,40.705614,-73.92153,casual,2022-02-10,6.3,15.716283333333331,15566,2,winter
347595,65B32612B1EA82D3,electric_bike,2022-02-11 15:50:39.296,2022-02-11 16:01:50.803,Washington Pl & Broadway,5755.01,W 22 St & 10 Ave,6306.06,40.72903917,-73.99404649,40.74691959,-74.00451887,casual,2022-02-11,8.6,11.191783333333332,16059,2,winter
363654,50219E78804270F8,electric_bike,2022-02-12 18:11:44.336,2022-02-12 18:41:07.009,Roebling St & N 4 St,5267.09,Cambridge Pl & Gates Ave,4377.04,40.71469,-73.95739,40.68488,-73.96304,member,2022-02-12,11.8,29.377883333333333,17094,2,winter
380748,D94E0CE1F5E705CA,electric_bike,2022-02-13 13:46:37.741,2022-02-13 13:53:29.911,W 43 St & 10 Ave,6756.01,8 Ave & W 33 St,6450.12,40.76009437,-73.99461843,40.751551,-73.993934,member,2022-02-13,2.8,6.8695,5115,2,winter
385863,0AE95764ACCE597A,classic_bike,2022-02-14 09:22:58.873,2022-02-14 09:26:35.853,Fulton St & William St,5137.11,Centre St & Chambers St,5207.01,40.70960089363537,-74.00655090808868,40.712733,-74.004607,member,2022-02-14,-4.3,3.616333333333333,8449,2,winter
394312,5F185DDBE744B637,classic_bike,2022-02-15 14:31:31.535,2022-02-15 14:39:29.742,E 17 St & Broadway,5980.07,W 27 St & 7 Ave,6247.06,40.73704984,-73.99009296,40.746647,-73.993915,member,2022-02-15,-4.7,7.970116666666667,10221,2,winter
404533,8B1ACDBF363F2DDA,electric_bike,2022-02-16 19:56:40.680,2022-02-16 20:04:09.071,W 41 St & 8 Ave,6602.03,W 52 St & 11 Ave,6926.01,40.75640548,-73.9900262,40.76727216,-73.99392888,member,2022-02-16,1.6,7.473183333333334,13397,2,winter
417930,44DEDC3EE7DF47A9,electric_bike,2022-02-17 09:01:12.966,2022-02-17 09:03:55.390,E 51 St & 1 Ave,6532.06,E 45 St & 3 Ave,6464.08,40.75455731,-73.96592976,40.75255434,-73.97282625,member,2022-02-17,11.6,2.707066666666667,16809,2,winter
434739,25764D21F30489A2,classic_bike,2022-02-18 16:49:23.314,2022-02-18 16:54:03.230,1 St & 6 Ave,3946.07,4 Ave & 3 St,4028.04,40.672784,-73.979826,40.673746,-73.985649,member,2022-02-18,9.9,4.665266666666667,11729,2,winter
446468,3AA42886E13783AD,electric_bike,2022-02-19 07:05:17.122,2022-02-19 07:12:30.108,Pierrepont St & Monroe Pl,4718.08,Bond St & Fulton St,4479.06,40.69535693320225,-73.99344027042389,40.68962188790333,-73.98304268717766,member,2022-02-19,0.1,7.216433333333333,8087,2,winter
454555,AF92CD51421815F7,classic_bike,2022-02-20 19:16:18.524,2022-02-20 19:25:07.604,St Nicholas Ave & Manhattan Ave,7723.01,W 110 St & Amsterdam Ave,7646.04,40.809725,-73.953149,40.802692,-73.96295,member,2022-02-20,-2.6,8.818000000000001,7733,2,winter
462288,22DAF2467F479058,classic_bike,2022-02-21 14:31:12.420,2022-02-21 14:45:11.025,Lafayette St & Jersey St,5561.06,Madison Ave & E 26 St,6131.12,40.72456089,-73.99565293,40.742684734875695,-73.98671329021454,casual,2022-02-21,4.1,13.97675,13212,2,winter
475500,DEF7C983608ACC93,electric_bike,2022-02-22 08:55:53.228,2022-02-22 09:00:49.452,E 5 St & Ave A,5626.06,Lafayette St & E 8 St,5788.13,40.72479007746337,-73.98430064320564,40.73020660529954,-73.99102628231049,member,2022-02-22,5.6,4.9370666666666665,8986,2,winter
484486,BD51F30BF51C8C73,classic_bike,2022-02-23 18:29:34.073,2022-02-23 18:45:27.852,E 6 St & Avenue D,5506.14,E 25 St & 1 Ave,6004.07,40.72228087,-73.97668709,40.7381765,-73.97738662,casual,2022-02-23,14.4,15.896316666666667,16550,2,winter
501036,7413DC3672AA788F,electric_bike,2022-02-24 16:53:12.839,2022-02-24 17:05:56.084,Madison Av & E 51 St,6659.09,W 67 St & Broadway,7116.04,40.75863,-73.97513,40.77492513,-73.98266566,member,2022-02-24,1.1,12.72075,11246,2,winter
512282,7F42631F12979834,classic_bike,2022-02-25 13:30:16.462,2022-02-25 13:37:17.347,Fulton St & Waverly Ave,4345.11,Atlantic Ave & Fort Greene Pl,4354.07,40.68323865460341,-73.96599590778351,40.68382604,-73.97632328,member,2022-02-25,0.8,7.01475,7507,2,winter
519789,A200779C1552A91B,electric_bike,2022-02-26 18:33:23.083,2022-02-26 18:46:37.756,Washington St & Gansevoort St,6039.06,W 43 St & 10 Ave,6756.01,40.739323,-74.008119,40.76009437,-73.99461843,casual,2022-02-26,-1.1,13.24455,10311,2,winter
530100,21BE13C73120B673,electric_bike,2022-02-27 19:46:17.664,2022-02-27 19:50:19.281,E Houston St & Columbia St,5436.11,Stanton St & Norfolk St,5445.07,40.71978635452822,-73.97871628403664,40.720747,-73.986274,member,2022-02-27,2.4,4.02695,10834,2,winter
540934,8F46CF0EF2928368,classic_bike,2022-02-28 15:19:43.439,2022-02-28 15:30:58.575,Lenox Ave & W 126 St,7720.03,Frederick Douglass Blvd & W 112 St,7631.23,40.808442,-73.9452087,40.801694,-73.957145,member,2022-02-28,0.8,11.252266666666666,11352,2,winter
552286,1D0119F95FE22698,electric_bike,2022-03-01 18:57:28.677,2022-03-01 19:32:14.311,Prospect Park W & 20 St,3507.04,6 Ave & 60 St,2912.08,40.656633,-73.983864,40.638196,-74.013821,member,2022-03-01,2.6,34.76056666666667,13877,3,spring
566163,D098662FE9487322,electric_bike,2022-03-02 13:45:45.451,2022-03-02 13:53:36.268,W 11 St & 6 Ave,5914.03,Madison Ave & E 26 St,6131.12,40.73532427,-73.99800419,40.742684734875695,-73.98671329021454,member,2022-03-02,7.7,7.84695,16954,3,spring
583117,57AECF87F48F6B61,classic_bike,2022-03-03 08:21:15.234,2022-03-03 08:28:21.266,8 Ave & W 16 St,6072.11,Broadway & W 25 St,6173.08,40.740983,-74.001702,40.74286877312112,-73.98918628692627,member,2022-03-03,5.6,7.100533333333333,13613,3,spring
596730,05AE52C4390BC188,classic_bike,2022-03-04 16:33:25.447,2022-03-04 16:44:22.946,E 31 St & 3 Ave,6239.08,E 48 St & 3 Ave,6541.03,40.74394314,-73.97966069,40.7546011026,-73.971878855,member,2022-03-04,-1.9,10.958316666666668,12317,3,spring
609047,723DBA9D9484632B,classic_bike,2022-03-05 09:00:10.436,2022-03-05 09:06:01.899,Steinway St & Ditmars Blvd,7074.01,31 St & Hoyt Ave N,7018.01,40.772717,-73.906127,40.7711528,-73.9170074,member,2022-03-05,3.1,5.857716666666667,12740,3,spring
621787,4D6D1B6A2E9A4CC8,classic_bike,2022-03-06 18:39:21.268,2022-03-06 18:42:36.075,W 29 St & 9 Ave,6416.06,W 22 St & 10 Ave,6306.06,40.7500727,-73.99839279,40.74691959,-74.00451887,member,2022-03-06,9.6,3.246783333333333,13694,3,spring
635481,DB2421453B3F717D,classic_bike,2022-03-07 14:40:39.395,2022-03-07 14:54:03.753,10 St & 7 Ave,3762.08,Fulton St & Waverly Ave,4345.11,40.6662078,-73.98199886,40.68323865460341,-73.96599590778351,member,2022-03-07,18.2,13.405966666666666,17178,3,spring
652659,F09517F72AC7697B,electric_bike,2022-03-08 16:54:28.037,2022-03-08 17:05:34.333,Pierrepont St & Monroe Pl,4718.08,Carroll St & Columbia St,4348.07,40.69535693320225,-73.99344027042389,40.6830456,-74.00348559,member,2022-03-08,8.7,11.104933333333332,15472,3,spring
668131,C97CDA2BAA73AC43,classic_bike,2022-03-09 08:26:55.885,2022-03-09 08:31:14.638,W 70 St & Amsterdam Ave,7207.08,Central Park West & W 72 St,7141.07,40.77748046,-73.98288594,40.77579376683666,-73.9762057363987,member,2022-03-09,3.2,4.31255,6888,3,spring
675019,51BA65100B026C79,classic_bike,2022-03-10 10:15:49.415,2022-03-10 10:34:11.735,Macon St & Nostrand Ave,4214.03,3 Ave & Schermerhorn St,4437.01,40.6809833854,-73.9500479759,40.68683208,-73.9796772,member,2022-03-10,4.0,18.372,16546,3,spring
691565,F098E56292AEC977,classic_bike,2022-03-11 06:49:22.509,2022-03-11 06:55:03.286,W 37 St & 10 Ave,6611.02,W 42 St & 6 Ave,6517.08,40.75660359,-73.9979009,40.75492,-73.98455,member,2022-03-11,7.2,5.679616666666666,17273,3,spring
708838,5D9603E50DA11AFC,classic_bike,2022-03-12 02:12:00.744,2022-03-12 02:29:50.317,E 11 St & Avenue B,5659.11,W 26 St & 8 Ave,6297.02,40.72746420692392,-73.97950418293476,40.74734825,-73.99723551,member,2022-03-12,5.1,17.826216666666667,4937,3,spring
713775,8F208875D1155407,classic_bike,2022-03-13 12:40:22.632,2022-03-13 12:46:20.199,W 15 St & 6 Ave,5989.02,W 27 St & 7 Ave,6247.06,40.738046142482766,-73.99642959237099,40.746647,-73.993915,member,2022-03-13,-2.3,5.95945,7725,3,spring
721500,C4E9F32A192BFBAC,classic_bike,2022-03-14 13:07:01.111,2022-03-14 13:22:14.883,Garfield Pl & 8 Ave,3978.13,Underhill Ave & Pacific St,4231.04,40.6711978,-73.97484126,40.6804836,-73.9646795,member,2022-03-14,5.3,15.229533333333334,15694,3,spring
737194,30DA3EFBB4053B50,electric_bike,2022-03-15 13:59:14.099,2022-03-15 14:10:25.877,Broadway & W 51 St,6779.04,E 56 St & 3 Ave,6691.11,40.76228826,-73.98336183,40.75934501,-73.96759673,member,2022-03-15,11.6,11.1963,19881,3,spring
757075,DC7166E875C5B5C7,classic_bike,2022-03-16 05:40:24.718,2022-03-16 05:58:06.064,W 30 St & 10 Ave,6459.07,Allen St & Stanton St,5484.09,40.752694,-74.002353,40.722055,-73.989111,member,2022-03-16,13.6,17.6891,20364,3,spring
777439,0DEACA1A2C1171CF,electric_bike,2022-03-17 22:22:45.143,2022-03-17 22:34:54.261,S 3 St & Bedford Ave,5235.05,India St & Manhattan Ave,5826.02,40.71260486,-73.96264403,40.73232194,-73.9550858,casual,2022-03-17,8.2,12.151966666666668,12527,3,spring
789966,229E3CCBD0BCD57C,classic_bike,2022-03-18 18:52:32.061,2022-03-18 19:09:22.766,5 Ave & E 78 St,7161.08,5 Ave & E 78 St,7161.08,40.77632142182271,-73.96427392959595,40.77632142182271,-73.96427392959595,casual,2022-03-18,13.9,16.845083333333335,23199,3,spring
813165,C1C09CB0A139349E,electric_bike,2022-03-19 12:49:34.797,2022-03-19 13:13:23.839,Mott St & Prince St,5561.04,Banker St & Meserole Ave,5633.04,40.72317958,-73.99480012,40.72606,-73.95621,casual,2022-03-19,13.1,23.817366666666665,19291,3,spring
832456,F077AF545AE188F0,classic_bike,2022-03-20 15:19:56.665,2022-03-20 15:44:53.841,Scholes St & Manhattan Ave,5108.01,Washington Ave & Greene Ave,4419.03,40.70870368,-73.9448625,40.68650065,-73.96563307,member,2022-03-20,14.3,24.95293333333333,16312,3,spring
848768,C4355635EE4F674C,classic_bike,2022-03-21 07:15:44.101,2022-03-21 07:24:30.158,W 36 St & 7 Ave,6483.06,W 56 St & 6 Ave,6809.07,40.752149,-73.989539,40.76340613,-73.97722479,member,2022-03-21,10.4,8.767616666666667,18286,3,spring
867054,3EEB0B4C4093FBCE,classic_bike,2022-03-22 18:33:00.107,2022-03-22 18:45:28.626,E 11 St & Avenue B,5659.11,Broadway & E 21 St,6098.10,40.72746420692392,-73.97950418293476,40.73988840858996,-73.98958593606949,member,2022-03-22,10.7,12.475316666666666,18658,3,spring
885712,3F781711385FDCE3,classic_bike,2022-03-23 07:53:08.987,2022-03-23 08:05:47.912,W 42 St & 8 Ave,6602.05,E 54 St & 1 Ave,6608.09,40.7575699,-73.99098507,40.756265,-73.964179,member,2022-03-23,7.2,12.64875,15251,3,spring
900963,778961C9A1760D30,electric_bike,2022-03-24 20:41:48.215,2022-03-24 20:53:44.957,Morton St & Washington St,5772.05,E 10 St & Avenue A,5659.05,40.73115,-74.00887,40.72740794,-73.98142006,casual,2022-03-24,5.7,11.9457,11437,3,spring
912400,E750C9B04F089420,electric_bike,2022-03-25 14:02:10.412,2022-03-25 14:48:28.450,W 13 St & 5 Ave,5947.04,W 70 St & Amsterdam Ave,7207.08,40.735445,-73.99431,40.77748046,-73.98288594,casual,2022-03-25,9.6,46.30063333333333,18669,3,spring
931069,987FA14FE245E31D,electric_bike,2022-03-26 01:16:36.462,2022-03-26 01:27:53.833,E 20 St & Park Ave,6055.08,Perry St & Bleecker St,5922.07,40.73827428,-73.98751968,40.73535398,-74.00483091,casual,2022-03-26,10.4,11.289516666666666,15441,3,spring
946510,C6F7562F92C2FACB,classic_bike,2022-03-27 12:40:03.801,2022-03-27 12:46:46.947,Water St & Gouverneur Ln,4993.15,West St & Liberty St,5184.08,40.70469667894968,-74.00803416967392,40.711444,-74.014847,member,2022-03-27,5.9,6.7191,11598,3,spring
958108,E5951EA7DFD03A60,electric_bike,2022-03-28 10:59:42.046,2022-03-28 11:12:32.786,W 21 St & 6 Ave,6140.05,Central Park S & 6 Ave,6876.04,40.74173969,-73.99415556,40.76590936,-73.97634151,member,2022-03-28,-1.5,12.845666666666666,9416,3,spring
967524,B26B9315B6AB24C2,electric_bike,2022-03-29 18:00:42.273,2022-03-29 18:09:45.975,11 Ave & W 27 St,6425.04,W 36 St & 7 Ave,6483.06,40.751396,-74.005226,40.752149,-73.989539,member,2022-03-29,-1.2,9.0617,12212,3,spring
979736,AA04D75CB03B9CD6,electric_bike,2022-03-30 06:14:57.073,2022-03-30 06:21:26.964,W 160 St & St. Nicholas Ave,8138.07,Riverside Dr & W 145 St,8018.04,40.834468,-73.939865,40.827305,-73.951989,member,2022-03-30,2.6,6.498183333333333,15426,3,spring
995162,CC11799B6182719E,classic_bike,2022-03-31 18:10:08.380,2022-03-31 18:22:50.725,8 Ave & W 38 St,6526.05,Gansevoort St & Hudson St,6072.14,40.75461,-73.99177,40.73944820130404,-74.00507032871246,member,2022-03-31,9.9,12.70575,18031,3,spring
1013193,4B19643648FA583F,electric_bike,2022-04-01 07:13:59.782,2022-04-01 07:31:06.719,Central Park W & W 91 St,7453.01,E 51 St & 2 Ave,6575.03,40.78866499127884,-73.96680057048798,40.755293,-73.967641,member,2022-04-01,13.1,17.115616666666664,17025,4,spring
1030218,230445069FDF2AAF,electric_bike,2022-04-02 00:29:53.136,2022-04-02 00:35:06.481,3 Ave & E 71 St,6960.1,E 88 St & Park Ave,7293.10,40.76873687,-73.96119945,40.781410700190015,-73.95595908164978,casual,2022-04-02,7.2,5.222416666666667,18261,4,spring
1048479,491C33BAF21CFAA0,classic_bike,2022-04-03 21:12:32.666,2022-04-03 21:22:57.417,E 33 St & 1 Ave,6197.08,E 10 St & 2 Ave,5746.02,40.74322681432173,-73.97449783980846,40.72970805644994,-73.9865979552269,casual,2022-04-03,7.0,10.412516666666669,9212,4,spring
1057691,AAEC0F520CAB863D,classic_bike,2022-04-04 17:12:17.789,2022-04-04 17:24:20.763,East End Ave & E 86 St,7113.08,5 Ave & E 87 St,7323.09,40.77518615,-73.94446054,40.78232260730881,-73.95987510681152,casual,2022-04-04,7.6,12.049566666666667,17153,4,spring
1074844,56CEC5E0F05EC109,electric_bike,2022-04-05 11:13:40.031,2022-04-05 11:17:42.690,E 106 St & Lexington Ave,7504.18,Madison Ave & E 99 St,7443.01,40.791976,-73.945993,40.78948541553215,-73.95242929458618,member,2022-04-05,9.7,4.044316666666666,18059,4,spring
1092903,1C9434D355700F27,electric_bike,2022-04-06 19:14:20.372,2022-04-06 19:23:46.093,11 Ave & W 41 St,6726.01,W 18 St & 9 Ave,6190.03,40.76030096,-73.99884222,40.7435337324616,-74.00367558002472,member,2022-04-06,8.6,9.428683333333334,12033,4,spring
1104936,662EF1CDCEF7CD65,classic_bike,2022-04-07 07:23:36.098,2022-04-07 07:28:37.480,Clinton St & Joralemon St,4605.04,Henry St & Degraw St,4380.08,40.69239502,-73.99337909,40.6847514,-73.99917254,member,2022-04-07,9.1,5.023033333333333,8800,4,spring
1113736,413A793D41CBBF1E,electric_bike,2022-04-08 18:30:58.325,2022-04-08 18:55:26.193,Central Park North & Adam Clayton Powell Blvd,7617.07,6 Ave & W 34 St,6364.10,40.799484,-73.955613,40.74964,-73.98805,member,2022-04-08,12.8,24.464466666666667,21739,4,spring
1135475,F1938478C78C868F,classic_bike,2022-04-09 18:23:10.442,2022-04-09 18:31:48.760,W 53 St & 10 Ave,6890.01,W 34 St & 11 Ave,6578.01,40.76669671,-73.99061728,40.75594159,-74.0021163,member,2022-04-09,11.4,8.638633333333333,16911,4,spring
1152386,87D21CD41F6FB39D,classic_bike,2022-04-10 10:20:09.227,2022-04-10 10:49:31.429,Bialystoker Pl & Delancey St,5335.03,South St & Whitehall St,4846.01,40.71622644,-73.98261206,40.70122128,-74.01234218,casual,2022-04-10,8.6,29.370033333333332,14412,4,spring
1166798,50A2F1B68DF8AA61,electric_bike,2022-04-11 15:51:30.218,2022-04-11 15:56:33.346,8 Ave & W 27 St,6297.07,W 21 St & 6 Ave,6140.05,40.747968,-73.996637,40.74173969,-73.99415556,member,2022-04-11,8.8,5.052133333333333,18981,4,spring
1185779,77E0ED28BCB8597A,classic_bike,2022-04-12 18:37:22.381,2022-04-12 18:58:18.237,Broadway & W 61 St,7014.12,St. Nicholas Ave & W 126 St,7756.10,40.77003010255044,-73.9819684624672,40.8114323,-73.9518776,member,2022-04-12,13.4,20.930933333333332,23289,4,spring
1209068,49979EA26302CE97,classic_bike,2022-04-13 16:44:52.948,2022-04-13 16:54:37.049,Suydam St & Broadway,4689.03,Knickerbocker Ave & Thames St,5018.06,40.69544,-73.93223,40.70539,-73.92976,casual,2022-04-13,15.4,9.735016666666668,24682,4,spring
1233750,C6E6A6456D0D3FB4,classic_bike,2022-04-14 13:37:06.639,2022-04-14 13:47:45.341,E 20 St & Park Ave,6055.08,Bleecker St & Crosby St,5679.08,40.73827428,-73.98751968,40.72615604980408,-73.99510189890862,member,2022-04-14,16.3,10.645033333333334,22588,4,spring
1256338,1D80CBCABDAEDE14,electric_bike,2022-04-15 05:51:27.223,2022-04-15 05:53:36.687,Cauldwell Ave & E 161 St,7952.02,Westchester Ave & Longwood Ave,7909.07,40.82188,-73.907521,40.819701,-73.901311,member,2022-04-15,15.7,2.1577333333333333,24778,4,spring
1281116,6F2133F12C169718,electric_bike,2022-04-16 13:01:27.934,2022-04-16 13:07:45.674,E 3 St & 1 Ave,5553.03,Broadway & E 14 St,5905.12,40.72467721,-73.98783413,40.73454567,-73.99074142,casual,2022-04-16,15.7,6.2956666666666665,20513,4,spring
1301629,F1F4D039B51F2648,classic_bike,2022-04-17 11:34:44.206,2022-04-17 12:02:51.525,Plaza St West & Flatbush Ave,4010.13,Water St & Main St,4936.14,40.6750207,-73.97111473,40.703212,-73.990409,member,2022-04-17,8.3,28.121983333333333,13595,4,spring
1315224,E42BC41E93D66B9A,electric_bike,2022-04-18 13:26:46.530,2022-04-18 13:37:38.441,Plaza St West & Flatbush Ave,4010.13,Union St & Bedford Ave,3879.04,40.6750207,-73.97111473,40.6691783,-73.9554162,casual,2022-04-18,7.9,10.865183333333333,13881,4,spring
1329105,7701EAB97474401D,classic_bike,2022-04-19 17:07:28.081,2022-04-19 17:28:45.723,Watts St & Greenwich St,5578.02,Allen St & Stanton St,5484.09,40.72405549,-74.00965965,40.722055,-73.989111,member,2022-04-19,7.6,21.294033333333335,14771,4,spring
1343876,2F519C48D5826EBB,electric_bike,2022-04-20 17:24:28.578,2022-04-20 17:27:20.783,Amsterdam Ave & W 66 St,7149.05,Columbus Ave & W 72 St,7175.05,40.7746671,-73.98470567,40.7770575,-73.97898475,member,2022-04-20,9.4,2.8700833333333335,21243,4,spring
1365119,F06072093C64BF26,classic_bike,2022-04-21 19:53:52.736,2022-04-21 20:05:30.948,Water St & Gouverneur Ln,4993.15,Watts St & Greenwich St,5578.02,40.70469667894968,-74.00803416967392,40.72405549,-74.00965965,member,2022-04-21,10.6,11.636866666666666,19446,4,spring
1384565,6C44D3CC5A26F7B4,electric_bike,2022-04-22 12:51:02.966,2022-04-22 13:05:18.002,W 55 St & 6 Ave,6809.09,3 Ave & E 62 St,6762.04,40.763189,-73.978434,40.76312584,-73.96526895,member,2022-04-22,14.6,14.2506,24280,4,spring
1408845,087813CF2F03A885,classic_bike,2022-04-23 11:15:16.218,2022-04-23 11:26:20.918,E 20 St & FDR Dr,5886.13,Broadway & W 29 St,6289.06,40.733208626522426,-73.9756813647,40.7462009,-73.98855723,member,2022-04-23,13.3,11.078333333333337,23595,4,spring
1432440,0F8A85574F4AA82C,classic_bike,2022-04-24 02:49:31.639,2022-04-24 03:20:24.698,35 St & Broadway,6750.16,E 93 St & 2 Ave,7286.02,40.760339,-73.9222427,40.782454175279874,-73.9489196240902,member,2022-04-24,12.8,30.884316666666667,20877,4,spring
1453317,6D59DBFECDF49232,classic_bike,2022-04-25 11:14:33.795,2022-04-25 11:30:05.914,Douglass St & 3 Ave,4217.02,Johnson St & Gold St,4668.08,40.6802133,-73.98432695,40.69474881,-73.98362464,casual,2022-04-25,10.4,15.535316666666668,18258,4,spring
1471575,3DF7C7BCB1831272,electric_bike,2022-04-26 08:27:29.687,2022-04-26 08:34:05.513,Fulton St & Broadway,5175.08,Division St & Bowery,5270.08,40.711066,-74.009447,40.714193,-73.996732,member,2022-04-26,11.5,6.5971,18718,4,spring
1490293,FA2A0BD22F06F7F4,electric_bike,2022-04-27 15:53:06.625,2022-04-27 15:56:23.356,E 20 St & Park Ave,6055.08,Lexington Ave & E 24 St,6089.07,40.73827428,-73.98751968,40.74025878,-73.98409214,member,2022-04-27,11.6,3.27885,20670,4,spring
1510963,0EA0442635DF515C,classic_bike,2022-04-28 11:25:02.694,2022-04-28 11:27:19.592,St Marks Pl & 2 Ave,5669.1,E 7 St & Avenue A,5626.07,40.7284186,-73.98713956,40.72621788,-73.98379855,member,2022-04-28,8.2,2.281633333333333,19797,4,spring
1530760,E99E176D59629724,classic_bike,2022-04-29 09:23:58.848,2022-04-29 09:48:42.953,W 31 St & 7 Ave,6331.01,Bayard St & Baxter St,5351.03,40.749156,-73.9916,40.71602118,-73.99974372,member,2022-04-29,10.4,24.735083333333332,21859,4,spring
1552619,EB925ECEA03BC3E6,classic_bike,2022-04-30 08:27:28.250,2022-04-30 08:31:49.532,Stagg St & Union Ave,5117.05,Broadway & Whipple St,4883.03,40.70877084,-73.95095259,40.7016657,-73.9437303,member,2022-04-30,12.9,4.354699999999999,25431,4,spring
1578050,B222527A974F2EAF,classic_bike,2022-05-01 14:40:02.659,2022-05-01 14:42:35.808,1 Ave & E 16 St,5779.08,E 13 St & 2 Ave,5820.08,40.73221853,-73.98165557,40.73153937464073,-73.9853024482727,member,2022-05-01,13.6,2.5524833333333334,23789,5,spring
1601839,6F13829B73211BCB,classic_bike,2022-05-02 11:43:21.622,2022-05-02 11:58:24.267,West Thames St,5114.06,Greenwich St & W Houston St,5730.08,40.70834698,-74.01713445,40.728846,-74.008591,member,2022-05-02,12.1,15.044083333333331,13639,5,spring
1615478,C91BDE3909E16427,electric_bike,2022-05-03 07:42:51.986,2022-05-03 07:52:40.520,W 76 St & Columbus Ave,7281.09,W 48 St &  Rockefeller Plaza,6626.11,40.7801839724239,-73.97728532552719,40.75776935448309,-73.97929430007935,member,2022-05-03,12.4,9.8089,23385,5,spring
1638863,D9E3EDFA1F3E70EC,classic_bike,2022-05-04 17:28:28.405,2022-05-04 17:35:41.807,8 Ave & W 31 St,6450.05,Broadway & W 41 St,6560.01,40.7505853470215,-73.9946848154068,40.75513557,-73.98658032,member,2022-05-04,12.0,7.223366666666666,19906,5,spring
1658769,16E8EDDB1D99002F,classic_bike,2022-05-05 12:36:34.373,2022-05-05 12:45:28.617,Grand St & Elizabeth St,5382.06,Centre St & Chambers St,5207.01,40.718822,-73.99596,40.712733,-74.004607,casual,2022-05-05,17.2,8.904066666666667,27464,5,spring
1686233,B6B534CDA095215B,classic_bike,2022-05-06 07:58:28.620,2022-05-06 08:02:06.793,Bergen St & Flatbush Ave,4281.08,Carlton Ave & Dean St,4199.12,40.680944723477296,-73.97567331790923,40.6809741,-73.9710097,member,2022-05-06,14.8,3.636216666666667,8730,5,spring
1694963,DA7A99FED01E03C2,classic_bike,2022-05-07 15:28:25.578,2022-05-07 15:44:08.308,W 54 St & 9 Ave,6920.03,E 39 St & Lexington Ave,6389.09,40.76584941,-73.98690506,40.7494985460252,-73.97729203113158,casual,2022-05-07,10.0,15.712166666666668,5111,5,spring
1700074,6DBC4A1EDAC9891B,classic_bike,2022-05-08 22:07:19.957,2022-05-08 22:15:36.299,Hudson St & W 13 St,6115.06,King St & Varick St,5687.11,40.74005708567285,-74.0052741765976,40.72789701409023,-74.00536268949507,member,2022-05-08,10.4,8.272366666666667,15467,5,spring
1715541,3D3400E63AF8199D,classic_bike,2022-05-09 18:10:51.973,2022-05-09 18:36:03.650,E 47 St & 1 Ave,6498.09,E 106 St & 2 Ave,7482.15,40.75206862,-73.96784384,40.790586067792006,-73.94195795059204,member,2022-05-09,13.5,25.194616666666665,23511,5,spring
1739052,A190C01A5A6AF386,classic_bike,2022-05-10 15:41:17.758,2022-05-10 16:10:24.806,E 15 St & 3 Ave,5863.07,E 15 St & 3 Ave,5863.07,40.734232,-73.986923,40.734232,-73.986923,member,2022-05-10,15.4,29.117466666666665,26361,5,spring
1765413,6BEFD677B3651A5A,electric_bike,2022-05-11 08:14:31.144,2022-05-11 08:23:20.439,Madison Ave & E 99 St,7443.01,E 76 St & Park Ave,7128.08,40.78948541553215,-73.95242929458618,40.773763,-73.96222088,member,2022-05-11,16.1,8.821583333333333,26953,5,spring
1792366,4DDF19A035F75F7C,electric_bike,2022-05-12 07:18:07.779,2022-05-12 07:31:34.290,E 89 St & 3 Ave,7265.1,7 Ave & Central Park South,6912.01,40.7806284,-73.9521667,40.7667405590595,-73.9790689945221,casual,2022-05-12,17.1,13.44185,27608,5,spring
1819974,3FD0D4524649A6F5,electric_bike,2022-05-13 15:24:02.185,2022-05-13 15:43:16.000,E 201 St & Briggs Ave,8717.07,E 165 St & Clay Ave,8052.02,40.87207,-73.88459,40.82809,-73.91288,member,2022-05-13,16.0,19.23025,23979,5,spring
1843953,B9B06DFBB4D14118,electric_bike,2022-05-14 19:42:46.481,2022-05-14 19:56:25.594,E 67 St & Park Ave,6932.14,W 56 St & 10 Ave,6955.01,40.76780080148132,-73.96592080593109,40.768254,-73.988639,member,2022-05-14,17.9,13.651883333333334,20194,5,spring
1864147,9C0262329B5E4657,classic_bike,2022-05-15 23:10:50.620,2022-05-15 23:18:14.055,7 Ave S & Bleecker St,5805.07,W 18 St & 9 Ave,6190.03,40.73213896287381,-74.00363802909851,40.7435337324616,-74.00367558002472,casual,2022-05-15,18.8,7.390583333333334,27213,5,spring
1891360,89F1DF3EC11F771E,classic_bike,2022-05-16 09:20:26.099,2022-05-16 09:58:05.537,Commerce St & Van Brunt St,4243.01,Johnson St & Gold St,4668.08,40.6812117,-74.00860912,40.69474881,-73.98362464,member,2022-05-16,20.4,37.6573,19961,5,spring
1911321,884311E30BE20D98,classic_bike,2022-05-17 23:33:47.327,2022-05-17 23:36:55.948,Crescent St & 30 Ave,6958.06,31 St & Newtown Ave,6923.20,40.768692,-73.9249574,40.7675487799971,-73.9209334552288,member,2022-05-17,19.7,3.1436833333333336,29377,5,spring
1940698,9A21F06F522A4131,classic_bike,2022-05-18 20:09:47.066,2022-05-18 20:31:59.873,Old Fulton St,4903.08,Broadway & Berry St,5164.04,40.70277159,-73.99383605,40.71044554,-73.96525063,member,2022-05-18,17.8,22.21345,29491,5,spring
1970189,F38A71DA4B68417D,electric_bike,2022-05-19 08:15:45.389,2022-05-19 08:29:36.652,Morris Ave & E 163 St,8036.05,Grand Concourse & E 144 St,7845.06,40.827230499624726,-73.91765579597632,40.81687039466032,-73.92798498272896,member,2022-05-19,15.5,13.854383333333336,22484,5,spring
1992673,FE58911CDECB9251,classic_bike,2022-05-20 09:48:48.105,2022-05-20 09:57:54.613,6 Ave & W 33 St,6364.07,1 Ave & E 30 St,6079.03,40.74901271,-73.98848395,40.74144387,-73.97536082,member,2022-05-20,15.4,9.108466666666668,21186,5,spring
2013859,6C792A6080BEBE9B,classic_bike,2022-05-21 01:49:22.898,2022-05-21 02:43:59.384,Leonard St & Church St,5359.11,6 Ave & W 45 St,6593.15,40.717571,-74.005549,40.756951,-73.982631,casual,2022-05-21,21.2,54.6081,28575,5,spring
2042434,2B76F4D3EE074DBA,classic_bike,2022-05-22 05:28:44.494,2022-05-22 05:51:10.586,Avenue D & E 10 St,5575.13,South St & Whitehall St,4846.01,40.72506551015475,-73.97515833377838,40.70122128,-74.01234218,member,2022-05-22,27.8,22.434866666666668,25804,5,spring
2068238,8FC5F4545D4699AF,classic_bike,2022-05-23 10:35:16.781,2022-05-23 10:39:19.852,E 14 St & 1 Ave,5779.1,Broadway & E 14 St,5905.12,40.73139303364151,-73.98286700248718,40.73454567,-73.99074142,member,2022-05-23,21.0,4.051183333333333,25519,5,spring
2093757,AB3A29637201BE5D,classic_bike,2022-05-24 19:45:48.020,2022-05-24 19:50:02.202,E 6 St & 2 Ave,5669.12,Stanton St & Norfolk St,5445.07,40.72737869323223,-73.98840844631195,40.720747,-73.986274,member,2022-05-24,17.4,4.236366666666666,26005,5,spring
2119762,0CF283B91C689CF1,classic_bike,2022-05-25 07:16:27.130,2022-05-25 07:33:35.868,DeKalb Ave & S Portland Ave,4546.04,S 4 St & Wythe Ave,5204.05,40.68981035,-73.97493121,40.71285887,-73.96590294,member,2022-05-25,16.2,17.145633333333333,28469,5,spring
2148231,824C4BDB8EE48575,classic_bike,2022-05-26 08:50:31.245,2022-05-26 09:00:03.425,E 11 St & 1 Ave,5746.14,E 47 St & 1 Ave,6498.09,40.72953837,-73.98426726,40.75206862,-73.96784384,member,2022-05-26,16.4,9.536333333333332,27906,5,spring
2176137,0E18E541F14B96D6,electric_bike,2022-05-27 23:17:33.691,2022-05-27 23:19:09.117,Allen St & Stanton St,5484.09,Allen St & Rivington St,5414.06,40.722055,-73.989111,40.72019576,-73.98997825,member,2022-05-27,20.2,1.5904333333333334,22356,5,spring
2198493,5CDCE29BC0453B90,electric_bike,2022-05-28 21:05:23.945,2022-05-28 21:10:47.196,University Pl & E 8 St,5755.14,W 21 St & 6 Ave,6140.05,40.73143724085228,-73.99490341544151,40.74173969,-73.99415556,member,2022-05-28,20.4,5.3875166666666665,20823,5,spring
2219316,7B161E616342D566,classic_bike,2022-05-29 13:24:20.541,2022-05-29 13:46:51.317,50 St & Northern Blvd,6511.03,E 58 St & 1 Ave (NW Corner),6723.10,40.753441,-73.912402,40.759125,-73.962658,member,2022-05-29,20.7,22.512933333333333,25190,5,spring
2244506,AD1195C5AD0CB5F3,classic_bike,2022-05-30 11:56:54.399,2022-05-30 12:00:10.933,Broadway & W 25 St,6173.08,E 16 St & 5 Ave,6022.04,40.74286877312112,-73.98918628692627,40.73726186,-73.99238967,member,2022-05-30,23.3,3.2755666666666667,25252,5,spring
2269758,3E7214A1B28F3481,classic_bike,2022-05-31 11:30:26.298,2022-05-31 11:50:35.207,University Pl & E 14 St,5905.14,King St & Varick St,5687.11,40.734814,-73.992085,40.72789701409023,-74.00536268949507,casual,2022-05-31,28.3,20.148483333333335,25112,5,spring
2294870,54D7BF706B4A1A19,classic_bike,2022-06-01 15:22:04.014,2022-06-01 15:31:46.408,E 11 St & 1 Ave,5746.14,Orchard St & Grand St,5343.11,40.72953837,-73.98426726,40.717318403855785,-73.99067759513855,member,2022-06-01,17.8,9.706566666666667,21708,6,summer
2316578,5057AB04526A8533,electric_bike,2022-06-02 01:26:56.894,2022-06-02 01:39:00.444,11 Ave & W 27 St,6425.04,W 42 St & 8 Ave,6602.05,40.751396,-74.005226,40.7575699,-73.99098507,member,2022-06-02,20.3,12.059166666666666,24567,6,summer
2341145,28FAB13BD976E74D,electric_bike,2022-06-03 21:24:02.745,2022-06-03 21:53:47.751,Lefferts Pl & Franklin Ave,4222.02,George St & Wilson Ave,4906.07,40.680342423,-73.9557689392,40.702997,-73.92997,member,2022-06-03,19.5,29.7501,30240,6,summer
2371385,7ED9EF48549218A7,classic_bike,2022-06-04 15:36:44.033,2022-06-04 15:38:20.677,E 75 St & 3 Ave,6991.12,2 Ave & E 72 St,6925.09,40.77112927,-73.95772297,40.7687620293096,-73.95840793848038,member,2022-06-04,21.9,1.6107333333333334,31938,6,summer
2403323,C3EF8CC96BA288E5,classic_bike,2022-06-05 14:27:55.662,2022-06-05 15:23:26.393,Broadway & E 21 St,6098.1,Central Park West & W 76 St,7253.04,40.73988840858996,-73.98958593606949,40.77896784,-73.97374737,member,2022-06-05,20.0,55.51218333333334,29411,6,summer
2432734,238FD2C4F5993A83,classic_bike,2022-06-06 16:57:34.016,2022-06-06 17:08:42.937,6 Ave & W 34 St,6364.1,E 48 St & 3 Ave,6541.03,40.74964,-73.98805,40.7546011026,-73.971878855,member,2022-06-06,22.2,11.148683333333334,27527,6,summer
2460261,FF81959A349FAA77,classic_bike,2022-06-07 11:40:26.687,2022-06-07 11:44:10.931,Nassau Ave & Newell St,5623.03,Nassau Ave & Newell St,5623.03,40.724812564400175,-73.94752621650696,40.724812564400175,-73.94752621650696,casual,2022-06-07,21.8,3.7374,25930,6,summer
2486191,DEB7912EC4363F07,classic_bike,2022-06-08 19:06:48.661,2022-06-08 19:15:41.306,Kent Ave & Division Ave,5021.05,Clinton Ave & Flushing Ave,4762.04,40.706563674670925,-73.9683187007904,40.69794,-73.96986848,member,2022-06-08,23.7,8.877416666666667,31103,6,summer
2517294,31A6CFC42C61D91A,electric_bike,2022-06-09 10:39:03.830,2022-06-09 10:47:01.354,Cleveland Pl & Spring St,5492.05,University Pl & E 14 St,5905.14,40.722103786686034,-73.99724900722504,40.734814,-73.992085,member,2022-06-09,24.4,7.958733333333333,28408,6,summer
2545702,4BF16EA281E39253,electric_bike,2022-06-10 16:00:50.180,2022-06-10 16:08:24.741,E 72 St & Park Ave,6998.08,Broadway & W 58 St,6948.10,40.77118287540658,-73.96409422159195,40.76695317,-73.98169333,member,2022-06-10,21.8,7.576016666666666,30635,6,summer
2576337,CB5AAF36AD3E2563,electric_bike,2022-06-11 01:00:39.462,2022-06-11 01:05:00.095,West St & Chambers St,5329.03,John St & William St,5065.04,40.71754834,-74.01322069,40.70862144,-74.00722156,member,2022-06-11,21.8,4.343883333333333,28571,6,summer
2604908,BCF0C7175BC34E8C,electric_bike,2022-06-12 20:59:00.506,2022-06-12 21:09:21.754,W 4 St & 7 Ave S,5880.02,W 45 St & 8 Ave,6676.02,40.73401143,-74.00293877,40.75929124,-73.98859651,member,2022-06-12,20.5,10.354133333333332,22718,6,summer
2627626,C06D470FA9FC25A2,electric_bike,2022-06-13 14:27:29.785,2022-06-13 14:43:33.953,E 11 St & 1 Ave,5746.14,Old Slip & South St,4993.13,40.72953837,-73.98426726,40.70336686695866,-74.007867872715,member,2022-06-13,24.2,16.069466666666667,27796,6,summer
2655422,5F7DA80D504E77CB,electric_bike,2022-06-14 07:29:46.779,2022-06-14 08:05:03.164,DeKalb Ave & S Portland Ave,4546.04,34 St & 35 Ave,6605.08,40.68981035,-73.97493121,40.7569332,-73.9262231,member,2022-06-14,23.9,35.27308333333334,30772,6,summer
2686194,0D2DD9BFC9E154AB,electric_bike,2022-06-15 09:08:58.220,2022-06-15 09:21:51.180,Lafayette St & E 8 St,5788.13,W 41 St & 8 Ave,6602.03,40.73020660529954,-73.99102628231049,40.75640548,-73.9900262,member,2022-06-15,23.3,12.882666666666667,31946,6,summer
2718140,2072F1908D193944,classic_bike,2022-06-16 20:41:20.922,2022-06-16 20:44:40.278,Broadway & E 21 St,6098.10,E 16 St & 5 Ave,6022.04,40.73988840858996,-73.98958593606949,40.73726186,-73.99238967,member,2022-06-16,20.3,3.3226,25279,6,summer
2743419,D6863D68AF4575F3,classic_bike,2022-06-17 23:05:47.314,2022-06-17 23:28:37.840,Brooklyn Bridge Park - Pier 2,4756.04,Market St & Henry St,5270.09,40.698458,-73.997178,40.71310702305908,-73.99446353316307,casual,2022-06-17,25.2,22.8421,29728,6,summer
2773147,936DD1E3A940AE36,classic_bike,2022-06-18 12:32:16.863,2022-06-18 13:08:47.941,Canal St & Rutgers St,5303.08,Franklin Ave & St Marks Ave,4107.05,40.71427487,-73.98990025,40.6758324,-73.9561677,member,2022-06-18,21.7,36.517966666666666,27117,6,summer
2800264,A12656F34103761C,classic_bike,2022-06-19 13:21:00.489,2022-06-19 13:35:02.104,Washington St & Gansevoort St,6039.06,Howard St & Lafayette St,5422.04,40.739323,-74.008119,40.71910537,-73.99973337,member,2022-06-19,17.3,14.026916666666668,26475,6,summer
2826739,CB93BA27977A5330,classic_bike,2022-06-20 16:04:00.684,2022-06-20 16:46:57.535,10 Ave & W 14 St,6157.04,Broadway & Battery Pl,4962.01,40.74198159994023,-74.00831580162048,40.70463334,-74.01361706,casual,2022-06-20,20.5,42.947516666666665,28712,6,summer
2855451,CF9FEEF49C4FC542,classic_bike,2022-06-21 16:33:42.301,2022-06-21 16:38:33.666,Kosciuszko St & Tompkins Ave,4553.04,DeKalb Ave & Franklin Ave,4528.01,40.69128258,-73.9452416,40.69064807082943,-73.95746178925037,member,2022-06-21,22.1,4.856083333333333,24790,6,summer
2880241,2C488D16EBB6E429,electric_bike,2022-06-22 07:38:10.499,2022-06-22 07:45:31.461,E 44 St & 2 Ave,6422.09,Broadway & W 51 St,6779.04,40.75118387463277,-73.97138714790344,40.76228826,-73.98336183,member,2022-06-22,19.1,7.349366666666667,23492,6,summer
2903733,6EBDDF8706C0782E,electric_bike,2022-06-23 09:12:53.138,2022-06-23 09:32:29.557,St. Nicholas Ave & W 155 St,8085.05,5 Ave & E 87 St,7323.09,40.830663,-73.941323,40.78232260730881,-73.95987510681152,member,2022-06-23,19.2,19.606983333333336,29287,6,summer
2933020,76AEC5050D490F57,classic_bike,2022-06-24 20:23:38.684,2022-06-24 20:36:34.711,3 St & Prospect Park West,3865.05,Flatbush Ave & Ocean Ave,3704.04,40.668132,-73.97363831,40.663657,-73.963014,casual,2022-06-24,21.9,12.933783333333334,30911,6,summer
2963931,46340D13D74B65AF,classic_bike,2022-06-25 23:07:43.751,2022-06-25 23:18:36.658,E 22 St & 2 Ave,5971.09,E 6 St & Avenue B,5584.04,40.73716919369882,-73.98122549057007,40.72453734,-73.98185424,member,2022-06-25,25.8,10.881783333333336,29449,6,summer
2993380,70020313B55D6E1E,classic_bike,2022-06-26 02:51:47.858,2022-06-26 02:54:16.489,Metropolitan Ave & Bedford Ave,5308.04,S 3 St & Bedford Ave,5235.05,40.71534825,-73.96024116,40.71260486,-73.96264403,member,2022-06-26,27.0,2.4771833333333335,26384,6,summer
3019764,A5F366DA39391034,classic_bike,2022-06-27 13:16:32.970,2022-06-27 13:20:37.726,Forsyth St & Canal St,5270.07,Centre St & Worth St,5279.03,40.7158155,-73.99422366,40.71494807,-74.00234482,member,2022-06-27,24.3,4.079266666666666,19688,6,summer
3039452,2AF08654ED7E2168,classic_bike,2022-06-28 17:28:09.765,2022-06-28 17:48:27.627,Harrison Pl & Porter Ave,5090.06,Lexington Ave & Classon Ave,4452.03,40.70686,-73.92851,40.68676793,-73.95928168,casual,2022-06-28,22.4,20.297700000000003,30311,6,summer
3069763,737248320E2C264C,electric_bike,2022-06-29 17:49:07.289,2022-06-29 18:03:36.236,W 100 St & Broadway,7580.01,W 56 St & 6 Ave,6809.07,40.7973721,-73.97041192,40.76340613,-73.97722479,member,2022-06-29,23.9,14.48245,30373,6,summer
3100136,3CCF71C4AEDAFCF6,classic_bike,2022-06-30 08:21:22.094,2022-06-30 08:25:39.588,6 Ave & W 45 St,6593.15,Madison Av & E 51 St,6659.09,40.756951,-73.982631,40.75863,-73.97513,member,2022-06-30,25.4,4.291566666666667,29001,6,summer
3129137,261F293FC2006341,classic_bike,2022-07-01 14:34:38.027,2022-07-01 14:37:47.789,Franklin St & Dupont St,5944.01,India St & Manhattan Ave,5826.02,40.73564,-73.95866,40.73232194,-73.9550858,member,2022-07-01,28.1,3.1627,25651,7,summer
3154788,ADE832F40FDAF10E,classic_bike,2022-07-02 16:37:03.149,2022-07-02 16:43:06.931,31 St & Hoyt Ave N,7018.01,31 St & Broadway,6789.04,40.7711528,-73.9170074,40.761584,-73.925921,member,2022-07-02,28.7,6.063033333333333,22037,7,summer
3176825,C3054E06C7769C26,electric_bike,2022-07-03 07:42:52.241,2022-07-03 07:54:00.560,Mt Morris Park W & W 120 St,7685.14,5 Ave & E 78 St,7161.08,40.804038,-73.945925,40.77632142182271,-73.96427392959595,member,2022-07-03,26.9,11.13865,22420,7,summer
3199245,63E26F414D153F36,electric_bike,2022-07-04 22:28:11.985,2022-07-04 22:33:40.151,W 104 St & Amsterdam Ave,7610.13,Amsterdam Ave & W 119 St,7727.08,40.79904139288298,-73.96649479866028,40.80863217506367,-73.95958609887202,member,2022-07-04,25.6,5.469433333333333,23668,7,summer
3222913,0431A33FDF287C7F,electric_bike,2022-07-05 22:08:06.870,2022-07-05 22:12:39.188,W 22 St & 8 Ave,6224.03,11 Ave & W 27 St,6425.04,40.74475148,-73.99915362,40.751396,-74.005226,member,2022-07-05,25.9,4.538633333333333,22087,7,summer
3245000,362469F9A4EED268,classic_bike,2022-07-06 09:28:43.080,2022-07-06 09:31:07.377,W 51 St & 6 Ave,6740.10,Broadway & W 53 St,6779.05,40.7606597,-73.98042047,40.76344058,-73.98268129,member,2022-07-06,26.0,2.40495,28138,7,summer
3273138,40F0B3C7309695C1,classic_bike,2022-07-07 15:52:44.412,2022-07-07 15:54:58.973,4 Ave & E 12 St,5788.15,Lafayette St & E 8 St,5788.13,40.732647,-73.99011,40.73020660529954,-73.99102628231049,member,2022-07-07,24.2,2.242683333333334,28797,7,summer
3301935,FC6F1EF99EFD4BA5,electric_bike,2022-07-08 22:28:39.965,2022-07-08 22:41:43.552,Van Buren St & Broadway,4568.01,Fulton St & Waverly Ave,4345.11,40.692,-73.92617,40.68323865460341,-73.96599590778351,member,2022-07-08,23.5,13.059783333333334,24494,7,summer
3326429,C2D94EB700FC73A4,classic_bike,2022-07-09 11:13:50.815,2022-07-09 11:21:23.737,Washington Pl & Broadway,5755.01,W 15 St & 7 Ave,6030.06,40.72903917,-73.99404649,40.73935542,-73.99931783,member,2022-07-09,24.7,7.5487,30557,7,summer
3356986,2EA7999AB6418232,classic_bike,2022-07-10 15:16:33.386,2022-07-10 15:41:17.244,6 Ave & Broome St,5610.09,11 Ave & W 41 St,6726.01,40.72431,-74.00473,40.76030096,-73.99884222,member,2022-07-10,23.4,24.730966666666667,28872,7,summer
3385858,6978B573DB147880,classic_bike,2022-07-11 19:01:05.833,2022-07-11 19:10:25.147,Cleveland Pl & Spring St,5492.05,Lafayette St & E 8 St,5788.13,40.722103786686034,-73.99724900722504,40.73020660529954,-73.99102628231049,member,2022-07-11,24.0,9.3219,27757,7,summer
3413615,1C2658D6B7C2C222,classic_bike,2022-07-12 20:08:21.167,2022-07-12 20:20:50.806,W 29 St & 9 Ave,6416.06,W 50 St & 10 Ave,6890.06,40.7500727,-73.99839279,40.76473420006519,-73.99194359779358,member,2022-07-12,25.8,12.493983333333334,27774,7,summer
3441389,3BC7B125FA7A173A,classic_bike,2022-07-13 17:08:33.220,2022-07-13 17:21:50.363,E 35 St & Madison Ave,6398.08,W 43 St & 10 Ave,6756.01,40.74853003,-73.982548475,40.76009437,-73.99461843,casual,2022-07-13,28.9,13.285716666666668,30145,7,summer
3471534,028B66BE51B95A17,classic_bike,2022-07-14 19:11:07.392,2022-07-14 19:28:11.129,E 20 St & FDR Dr,5886.13,Henry St & Grand St,5294.04,40.733208626522426,-73.9756813647,40.714211,-73.981095,member,2022-07-14,26.6,17.062283333333333,29893,7,summer
3501427,300FBDCA1E236218,electric_bike,2022-07-15 08:03:30.264,2022-07-15 08:07:09.412,Greenwich Ave & Charles St,5914.08,University Pl & E 14 St,5905.14,40.735238,-74.000271,40.734814,-73.992085,member,2022-07-15,26.1,3.652466666666667,29801,7,summer
3531228,9A50BCE0A1F4A628,classic_bike,2022-07-16 11:18:10.888,2022-07-16 11:33:59.996,Pier 40 - Hudson River Park,5696.03,Little West St & 1 Pl,5001.08,40.7277140777778,-74.01129573583603,40.70569254,-74.01677685,casual,2022-07-16,24.3,15.818466666666666,27580,7,summer
3558808,9ECA61069934AE9E,classic_bike,2022-07-17 15:46:46.019,2022-07-17 15:53:28.898,Richardson St & N Henry St,5433.03,Leonard St & Maujer St,5148.03,40.71907891179564,-73.94223690032959,40.7103685423523,-73.94705951213837,member,2022-07-17,25.7,6.714650000000001,27558,7,summer
3586366,6C9A9379ACAC0266,electric_bike,2022-07-18 17:52:14.887,2022-07-18 18:20:49.448,Broadway & W 29 St,6289.06,Newtown Ave & 23 St,7026.08,40.7462009,-73.98855723,40.7713615,-73.9246145,member,2022-07-18,26.2,28.576016666666664,20906,7,summer
3607272,A4CF229D4FD22F22,classic_bike,2022-07-19 11:09:15.707,2022-07-19 11:26:05.760,8 Ave & W 31 St,6450.05,Amsterdam Ave & W 73 St,7260.09,40.7505853470215,-73.9946848154068,40.77966809007312,-73.98093044757842,member,2022-07-19,28.2,16.834216666666666,29745,7,summer
3637017,7A037ED066089CED,electric_bike,2022-07-20 07:56:19.211,2022-07-20 08:04:40.284,3 Ave & 14 St,3850.03,Henry St & Degraw St,4380.08,40.6685455,-73.99333264,40.6847514,-73.99917254,member,2022-07-20,31.3,8.351216666666666,29118,7,summer
3666135,DB2409117C46BD68,classic_bike,2022-07-21 11:49:48.565,2022-07-21 12:11:37.281,11 Ave & W 27 St,6425.04,West Thames St,5114.06,40.751396,-74.005226,40.70834698,-74.01713445,member,2022-07-21,29.8,21.811933333333332,27425,7,summer
3693560,B3EC787802817B08,classic_bike,2022-07-22 09:23:35.341,2022-07-22 09:28:02.815,Greene Ave & Nostrand Ave,4519.02,Monroe St & Tompkins Ave,4434.06,40.6883337,-73.950916,40.686203,-73.944694,casual,2022-07-22,30.9,4.4578999999999995,27904,7,summer
3721464,529F168B259C1EF5,electric_bike,2022-07-23 12:51:06.288,2022-07-23 13:43:01.933,Central Park West & W 76 St,7253.04,E 40 St & 5 Ave,6474.11,40.77896784,-73.97374737,40.752062307,-73.9816324043,member,2022-07-23,30.3,51.927416666666666,26971,7,summer
3748435,19DA53F55C148E81,electric_bike,2022-07-24 15:16:31.960,2022-07-24 15:19:16.354,Centre St & Chambers St,5207.01,Warren St & W Broadway,5288.09,40.71273266,-74.0046073,40.71473993,-74.00910627,member,2022-07-24,31.1,2.7399,25029,7,summer
3773464,8A6EA456D1837858,electric_bike,2022-07-25 15:19:36.769,2022-07-25 16:10:26.706,Lewis Ave & Decatur St,4237.01,Roebling St & N 4 St,5267.09,40.6814598,-73.934903,40.71469,-73.95739,casual,2022-07-25,29.8,50.83228333333333,23979,7,summer
3797443,ED09CAB81DD5C269,classic_bike,2022-07-26 17:48:02.245,2022-07-26 18:47:52.047,5 Ave & E 72 St,7100.07,5 Ave & E 72 St,7100.07,40.77282817,-73.96685276,40.77282817,-73.96685276,casual,2022-07-26,25.9,59.83003333333333,30350,7,summer
3827793,7A8FE70029B2E3B5,classic_bike,2022-07-27 12:24:36.182,2022-07-27 12:33:51.337,W 22 St & 8 Ave,6224.03,W 45 St & 8 Ave,6676.02,40.74475148,-73.99915362,40.75929124,-73.98859651,member,2022-07-27,25.5,9.252583333333332,31067,7,summer
3858860,07F5FAE8CB5A19AC,classic_bike,2022-07-28 18:44:36.921,2022-07-28 18:52:03.290,4 Ave & E 12 St,5788.15,E 5 St & Ave A,5626.06,40.732647,-73.99011,40.72479007746337,-73.98430064320564,member,2022-07-28,26.7,7.439483333333333,29554,7,summer
3888414,7DF110B387536DAC,classic_bike,2022-07-29 15:43:40.424,2022-07-29 15:48:28.704,W 56 St & 8 Ave,6884.03,Central Park West & W 68 St,7079.06,40.765959181657976,-73.98313522338867,40.7734066,-73.97782542,member,2022-07-29,28.2,4.804666666666666,28592,7,summer
3917006,F3FCDD7E0BF82C26,electric_bike,2022-07-30 13:18:32.194,2022-07-30 13:20:55.988,44 St & 6 Ave,3233.06,50 St & 7 Ave,3038.08,40.647105,-74.004483,40.642501,-74.006055,member,2022-07-30,26.7,2.3965666666666667,30796,7,summer
3947802,0C47D5A775E6C9EB,classic_bike,2022-07-31 18:47:39.181,2022-07-31 19:06:34.612,W 42 St & 6 Ave,6517.08,E 47 St & 1 Ave,6498.09,40.75492,-73.98455,40.75206862,-73.96784384,casual,2022-07-31,26.3,18.92385,27883,7,summer
3975685,ABA6460835FB30BD,classic_bike,2022-08-01 08:21:47.286,2022-08-01 08:28:25.191,Hamilton Pl & W 138 St,7920.01,W 120 St & Claremont Ave,7745.07,40.821728,-73.952761,40.8109494,-73.9634,member,2022-08-01,23.1,6.631749999999999,24505,8,summer
4000190,F5CC8435A1037EA9,classic_bike,2022-08-02 14:15:23.756,2022-08-02 14:38:30.552,5 Ave & E 87 St,7323.09,Central Park W & W 91 St,7453.01,40.78232260730881,-73.95987510681152,40.78866499127884,-73.96680057048798,casual,2022-08-02,26.4,23.113266666666668,30333,8,summer
4030523,E13CE946B4C347DA,classic_bike,2022-08-03 15:06:21.306,2022-08-03 15:15:19.251,2 Ave & E 72 St,6925.09,E 47 St & 1 Ave,6498.09,40.7687620293096,-73.95840793848038,40.75206862,-73.96784384,member,2022-08-03,27.6,8.965750000000002,30956,8,summer
4061479,4030786CB7C910FF,classic_bike,2022-08-04 08:41:35.002,2022-08-04 08:44:19.021,Hanson Pl & Ashland Pl,4395.07,Ashland Pl & Dekalb Ave,4513.09,40.68506807308177,-73.97790759801863,40.690065,-73.978776,member,2022-08-04,29.1,2.73365,29364,8,summer
4090843,9894C451627AD627,classic_bike,2022-08-05 18:32:36.103,2022-08-05 18:40:21.304,West Broadway & Watts St,5569.07,Christopher St & Greenwich St,5847.01,40.72323,-74.00314,40.73291553,-74.00711384,member,2022-08-05,29.3,7.75335,28424,8,summer
4119267,8EEC8CFBB29F52FA,classic_bike,2022-08-06 14:42:25.004,2022-08-06 14:46:53.536,11 Ave & W 41 St,6726.01,W 42 St & 8 Ave,6602.05,40.76030096,-73.99884222,40.7575699,-73.99098507,member,2022-08-06,29.6,4.475533333333333,30553,8,summer
4149820,BA44B2FC33EDB130,classic_bike,2022-08-07 10:44:50.832,2022-08-07 10:52:34.466,W 18 St & 6 Ave,6064.08,8 Ave & W 27 St,6297.07,40.73971301,-73.99456405,40.747968,-73.996637,member,2022-08-07,29.6,7.727233333333333,23665,8,summer
4173485,D0F8083834C7FC24,electric_bike,2022-08-08 13:45:22.560,2022-08-08 13:50:32.485,Allen St & Stanton St,5484.09,Grand St & Samuel Dickstein Plaza,5335.07,40.722055,-73.989111,40.71511871996496,-73.98417055606842,member,2022-08-08,30.3,5.165416666666667,25935,8,summer
4199420,853CC133452AB938,electric_bike,2022-08-09 01:10:57.926,2022-08-09 01:26:05.670,Tiebout Ave & E Fordham Road,8546.06,Tiebout Ave & E 184 St,8510.02,40.861915,-73.894831,40.858498,-73.89637,member,2022-08-09,31.3,15.129066666666668,27011,8,summer
4226431,F195B5B17060F89D,classic_bike,2022-08-10 15:21:35.837,2022-08-10 15:26:27.779,Sullivan St & Washington Sq,5721.01,4 Ave & E 12 St,5788.15,40.73047747,-73.99906065,40.732647,-73.99011,casual,2022-08-10,27.2,4.8657,30864,8,summer
4257295,4A53F55CB5D2EF0F,electric_bike,2022-08-11 17:36:22.048,2022-08-11 18:30:54.822,Broadway & W 61 St,7014.12,Pier 40 - Hudson River Park,5696.03,40.77003010255044,-73.9819684624672,40.7277140777778,-74.01129573583603,casual,2022-08-11,26.6,54.54623333333333,28358,8,summer
4285653,63E1CD4695F17570,classic_bike,2022-08-12 17:39:26.345,2022-08-12 17:49:57.061,2 Ave & E 29 St,6122.09,W 24 St & 7 Ave,6257.03,40.74172351097472,-73.97809267044067,40.74487634,-73.99529885,member,2022-08-12,25.6,10.511933333333332,30432,8,summer
4316085,7170C19052F84107,electric_bike,2022-08-13 08:37:46.347,2022-08-13 08:52:17.758,Washington Park,4546.05,Willoughby Ave & Myrtle Ave,4759.02,40.6917823,-73.9737299,40.69757,-73.93098,member,2022-08-13,23.1,14.523516666666666,32799,8,summer
4348884,22524CC1ACB15E56,classic_bike,2022-08-14 00:08:55.843,2022-08-14 00:15:23.378,31 St & Newtown Ave,6923.20,28 Ave & 44 St,6879.04,40.7675487799971,-73.9209334552288,40.76408932350688,-73.91065120697021,member,2022-08-14,24.0,6.458916666666667,27654,8,summer
4376538,CF44FC26D1883E45,classic_bike,2022-08-15 18:10:45.367,2022-08-15 18:28:10.761,Broadway & Battery Pl,4962.01,Vesey Pl & River Terrace,5297.02,40.70463334,-74.01361706,40.7153379,-74.01658354,member,2022-08-15,24.3,17.423233333333332,27720,8,summer
4404258,1FD9847058CAEAE6,classic_bike,2022-08-16 19:58:27.797,2022-08-16 21:28:41.188,Kosciuszko St & Tompkins Ave,4553.04,S 4 St & Wythe Ave,5204.05,40.69128258,-73.9452416,40.71285887,-73.96590294,casual,2022-08-16,23.6,90.22318333333332,30692,8,summer
4434950,EC600DA9E152B2B7,classic_bike,2022-08-17 08:10:25.408,2022-08-17 08:15:52.725,E 51 St & 2 Ave,6575.03,E 47 St & Park Ave,6584.12,40.755293,-73.967641,40.75510267,-73.97498696,member,2022-08-17,23.6,5.455283333333333,29983,8,summer
4464933,6C8721CED4284CB6,classic_bike,2022-08-18 12:04:27.932,2022-08-18 12:09:21.166,W 22 St & 8 Ave,6224.03,10 Ave & W 28 St,6459.04,40.74475148,-73.99915362,40.75066386,-74.00176802,member,2022-08-18,24.1,4.887233333333333,30671,8,summer
4495604,E0528837185058C6,classic_bike,2022-08-19 14:12:28.019,2022-08-19 14:54:49.013,Kingston Ave & Herkimer St,4205.06,E 2 St & Avenue B,5515.02,40.67890679,-73.94142771,40.72217444,-73.98368779,member,2022-08-19,26.3,42.349900000000005,29888,8,summer
4525492,0403EAAA12A037D0,classic_bike,2022-08-20 11:56:26.439,2022-08-20 12:04:33.524,11 Ave & W 41 St,6726.01,8 Ave & W 33 St,6450.12,40.76030096,-73.99884222,40.751551,-73.993934,casual,2022-08-20,27.9,8.118083333333333,32182,8,summer
4557674,7BDF7C559E8B672A,electric_bike,2022-08-21 19:51:45.578,2022-08-21 20:10:47.665,Amsterdam Ave & W 73 St,7260.09,W 49 St & 8 Ave,6747.06,40.77966809007312,-73.98093044757842,40.76227205,-73.98788205,casual,2022-08-21,25.3,19.034783333333333,27354,8,summer
4585028,418C723A8A6D229B,classic_bike,2022-08-22 08:25:07.284,2022-08-22 08:45:06.489,1 Ave & E 78 St,7020.09,W 59 St & 10 Ave,7023.04,40.77140426,-73.9535166,40.770513,-73.988038,member,2022-08-22,24.5,19.986749999999997,21441,8,summer
4606469,6D4849540A16E086,classic_bike,2022-08-23 18:13:26.427,2022-08-23 18:22:33.070,E 20 St & Park Ave,6055.08,Thompson St & Bleecker St,5721.07,40.73827428,-73.98751968,40.72840059450829,-73.99968780577183,member,2022-08-23,25.9,9.110716666666669,29509,8,summer
4635978,FCDF4A5EBF9E344C,classic_bike,2022-08-24 07:43:30.309,2022-08-24 08:14:10.750,W 49 St & 8 Ave,6747.06,Albany St & Greenwich St,5145.02,40.76227205,-73.98788205,40.709267,-74.013247,member,2022-08-24,26.9,30.674016666666667,30705,8,summer
4666683,F2A0A432B7391BAD,electric_bike,2022-08-25 20:37:46.138,2022-08-25 20:47:03.332,Woodward Ave & Harman St,5074.08,Graham Ave & Grand St,5178.06,40.70793,-73.91092,40.711863,-73.944024,member,2022-08-25,28.1,9.286566666666666,30093,8,summer
4696776,59E2A471AD3CC81E,electric_bike,2022-08-26 12:53:22.331,2022-08-26 13:15:01.741,W 21 St & 6 Ave,6140.05,11 Ave & W 59 St,7059.01,40.74173969,-73.99415556,40.77149671054441,-73.99046033620834,casual,2022-08-26,27.4,21.656833333333335,27132,8,summer
4723908,9912EDEE60BE6CE8,classic_bike,2022-08-27 12:40:19.396,2022-08-27 12:50:02.932,E 22 St & 2 Ave,5971.09,W 13 St & 5 Ave,5947.04,40.73716919369882,-73.98122549057007,40.735445,-73.99431,member,2022-08-27,27.8,9.725599999999998,29445,8,summer
4753353,E81CE56F86300B1C,classic_bike,2022-08-28 21:06:55.655,2022-08-28 21:29:43.381,W 144 St & Adam Clayton Powell Blvd,7932.10,W 147 St & Adam Clayton Powell Blvd,7971.07,40.820877,-73.939249,40.82281,-73.937413,casual,2022-08-28,24.6,22.795433333333335,26837,8,summer
4780190,4AFF70BFD3A8B7B3,classic_bike,2022-08-29 20:54:02.956,2022-08-29 21:00:31.318,Spruce St & Gold St,5137.13,W Broadway & Spring St,5569.06,40.7103231,-74.0043228,40.72494672359416,-74.00165855884552,member,2022-08-29,26.0,6.472700000000001,26973,8,summer
4807163,B3DBFC0759B7EAAA,classic_bike,2022-08-30 07:48:22.077,2022-08-30 07:57:44.090,St Marks Pl & 2 Ave,5669.1,W 13 St & 7 Ave,6030.04,40.7284186,-73.98713956,40.73781509,-73.99994661,member,2022-08-30,26.8,9.366883333333334,28237,8,summer
4835400,A3EC422037806AC2,classic_bike,2022-08-31 08:15:08.954,2022-08-31 08:22:36.048,Washington Pl & Broadway,5755.01,W 18 St & 6 Ave,6064.08,40.72903917,-73.99404649,40.73971301,-73.99456405,casual,2022-08-31,25.6,7.451566666666666,31042,8,summer
4866442,36EB23B4255DB2BF,electric_bike,2022-09-01 21:10:05.417,2022-09-01 21:19:55.139,W 147 St & Adam Clayton Powell Blvd,7971.07,Broadway & W 155 St,8123.02,40.82281,-73.937413,40.83299,-73.94592,member,2022-09-01,25.9,9.8287,30265,9,fall
4896707,1221B07273DECF99,classic_bike,2022-09-02 14:21:06.691,2022-09-02 14:31:38.567,E 27 St & Park Ave S,6131.13,9 Ave & W 18 St,6190.08,40.74275179648995,-73.9847157150507,40.74317449,-74.00366443,member,2022-09-02,21.7,10.531266666666664,29061,9,fall
4925768,61ECFAAA5632A23F,classic_bike,2022-09-03 12:00:21.784,2022-09-03 12:04:59.485,11 Ave & W 41 St,6726.01,9 Ave & W 45 St,6717.06,40.76030096,-73.99884222,40.76019252,-73.9912551,member,2022-09-03,22.8,4.62835,27030,9,fall
4952798,4981AB8C5302F256,electric_bike,2022-09-04 14:16:02.997,2022-09-04 14:32:26.128,E 51 St & 1 Ave,6532.06,5 Ave & E 72 St,7100.07,40.75455731,-73.96592976,40.77282817,-73.96685276,member,2022-09-04,25.3,16.385516666666668,24880,9,fall
4977678,FDB27D3E823521DA,classic_bike,2022-09-05 18:13:33.338,2022-09-05 18:19:44.817,Sullivan St & Washington Sq,5721.01,W 15 St & 7 Ave,6030.06,40.73047747,-73.99906065,40.73935542,-73.99931783,member,2022-09-05,25.8,6.191316666666666,23469,9,fall
5001147,53A7BE6142F02B78,electric_bike,2022-09-06 20:43:01.780,2022-09-06 21:09:15.499,Jay St & Tech Pl,4710.06,W 53 St & 10 Ave,6890.01,40.695065,-73.987167,40.76669671,-73.99061728,member,2022-09-06,23.3,26.22865,10224,9,fall
5011371,C9BAC70B800206CD,classic_bike,2022-09-07 08:13:15.917,2022-09-07 08:15:56.086,Water St &  Fletcher St,5024.1,South St & Gouverneur Ln,4953.04,40.706410755236135,-74.00559738278389,40.70355377,-74.00670227,member,2022-09-07,20.8,2.6694833333333334,28195,9,fall
5039566,180F98B680ABF8F4,classic_bike,2022-09-08 18:02:55.813,2022-09-08 18:24:53.119,Lispenard St & Broadway,5391.06,W 16 St & The High Line,6233.05,40.71939226,-74.00247214,40.74334935,-74.00681753,member,2022-09-08,21.8,21.9551,33746,9,fall
5073312,BE7D0AFF47AEBE4E,electric_bike,2022-09-09 15:37:38.471,2022-09-09 15:50:16.266,1 Ave & E 78 St,7020.09,Park Ave & E 124 St,7682.01,40.77140426,-73.9535166,40.8045555,-73.9396861,member,2022-09-09,21.9,12.629916666666666,33365,9,fall
5106677,1B7437729DD592BF,classic_bike,2022-09-10 17:13:40.554,2022-09-10 17:30:45.257,Douglass St & 3 Ave,4217.02,Pioneer St & Richards St,4128.08,40.6802133,-73.98432695,40.6777748,-74.0094613,casual,2022-09-10,23.6,17.07838333333333,33347,9,fall
5140024,2D18D4BD9240BB92,classic_bike,2022-09-11 01:59:55.347,2022-09-11 02:11:19.939,Bleecker St & Crosby St,5679.08,E 2 St & Avenue C,5476.03,40.72615604980408,-73.99510189890862,40.7208736,-73.98085795,member,2022-09-11,23.2,11.409866666666666,16873,9,fall
5156897,4915896CCB43300F,electric_bike,2022-09-12 20:22:14.895,2022-09-12 21:01:53.813,W 54 St & 9 Ave,6920.03,W 47 St & 10 Ave,6824.07,40.76584941,-73.98690506,40.76269882,-73.99301222,member,2022-09-12,22.4,39.648633333333336,28602,9,fall
5185499,D882D8DC2071AD72,classic_bike,2022-09-13 15:20:23.179,2022-09-13 15:25:04.177,Hudson St & W 13 St,6115.06,Christopher St & Greenwich St,5847.01,40.74005708567285,-74.0052741765976,40.73291553,-74.00711384,member,2022-09-13,24.7,4.6833,30575,9,fall
5216074,A5B496B5FD7A7D03,classic_bike,2022-09-14 19:38:00.558,2022-09-14 20:06:21.055,11 Ave & W 27 St,6425.04,Little West St & 1 Pl,5001.08,40.751396,-74.005226,40.70569254,-74.01677685,casual,2022-09-14,22.9,28.341616666666667,33805,9,fall
5249879,25D5217472F67015,classic_bike,2022-09-15 12:38:40.987,2022-09-15 12:46:03.653,West Broadway & Watts St,5569.07,Warren St & W Broadway,5288.09,40.72323,-74.00314,40.71473993,-74.00910627,member,2022-09-15,21.8,7.377766666666667,33361,9,fall
5283240,6E771BCE315A0F79,classic_bike,2022-09-16 08:25:49.958,2022-09-16 08:30:41.719,Driggs Ave & N Henry St,5542.04,Bayard St & Leonard St,5442.05,40.72325,-73.94308,40.71915571696044,-73.94885390996933,member,2022-09-16,19.6,4.862683333333334,32736,9,fall
5315976,2F2F9C7FBB1A7638,electric_bike,2022-09-17 15:49:12.435,2022-09-17 16:04:51.713,Lefferts Pl & Franklin Ave,4222.02,Leonard St & Maujer St,5148.03,40.680342423,-73.9557689392,40.7103685423523,-73.94705951213837,member,2022-09-17,20.8,15.654633333333331,32000,9,fall
5347976,4792755F680958ED,classic_bike,2022-09-18 09:07:14.189,2022-09-18 09:26:18.765,Perry St & Greenwich Ave,5955.12,Delancey St & Eldridge St,5414.07,40.735918,-74.000939,40.719383,-73.991479,member,2022-09-18,23.4,19.076266666666665,29260,9,fall
5377236,A586E869A4D58F74,electric_bike,2022-09-19 16:24:57.254,2022-09-19 17:11:26.803,Queens Plaza North & Crescent St,6429.01,Grand Concourse & East Mount Eden Ave,8265.09,40.75110165,-73.94073717,40.84301,-73.91172,member,2022-09-19,25.6,46.49248333333333,25574,9,fall
5402810,B75D65DF2F7C8D52,classic_bike,2022-09-20 13:23:52.299,2022-09-20 13:38:49.290,7 Ave & Park Pl,4125.07,10 St & 7 Ave,3762.08,40.6776147,-73.97324283,40.6662078,-73.98199886,casual,2022-09-20,23.2,14.94985,32389,9,fall
5435199,0AE55CEE918AC72E,classic_bike,2022-09-21 11:21:16.920,2022-09-21 11:25:06.801,E 40 St & 5 Ave,6474.11,W 40 St & 7 Ave,6560.14,40.752062307,-73.9816324043,40.754818,-73.988154,member,2022-09-21,22.0,3.83135,33480,9,fall
5468679,6FE363B30CB90330,classic_bike,2022-09-22 21:48:33.885,2022-09-22 22:07:18.559,W 47 St & 9 Ave,6786.02,Hudson St & W 13 St,6115.06,40.76153045158114,-73.99007007479668,40.74005708567285,-74.0052741765976,casual,2022-09-22,21.8,18.744566666666667,25593,9,fall
5494272,C289F4453F545F83,classic_bike,2022-09-23 18:26:26.070,2022-09-23 18:39:25.472,E 56 St & 3 Ave,6691.11,W 41 St & 8 Ave,6602.03,40.75934501,-73.96759673,40.75640548,-73.9900262,member,2022-09-23,15.1,12.990033333333336,28158,9,fall
5522430,4578E10A0A96560B,classic_bike,2022-09-24 09:29:03.377,2022-09-24 09:31:59.105,Broadway & W 41 St,6560.01,Broadway & W 36 St,6441.01,40.75513557,-73.98658032,40.75097711,-73.98765428,member,2022-09-24,14.5,2.9288000000000003,28324,9,fall
5550754,B6484DCAD781EE98,electric_bike,2022-09-25 10:41:50.500,2022-09-25 10:44:53.562,W 144 St & Adam Clayton Powell Blvd,7932.1,W 144 St & Adam Clayton Powell Blvd,7932.10,40.820877,-73.939249,40.820877,-73.939249,member,2022-09-25,19.2,3.0510333333333337,21725,9,fall
5572479,1B752B31C30E6C99,electric_bike,2022-09-26 06:34:07.221,2022-09-26 06:35:12.369,E 88 St & 1 Ave,7235.13,E 88 St & 1 Ave,7235.13,40.778301,-73.9488134,40.778301,-73.9488134,member,2022-09-26,19.4,1.0858,26252,9,fall
5598731,0405C8A0CF4B8112,classic_bike,2022-09-27 16:25:00.476,2022-09-27 16:51:09.892,Lenox Ave & W 117 St,7655.22,E 158 St & Melrose Ave,7957.11,40.8025566,-73.9490782,40.822215,-73.914688,member,2022-09-27,19.7,26.15693333333333,28911,9,fall
5627642,60D6465A1E9FE225,classic_bike,2022-09-28 09:46:46.589,2022-09-28 09:52:18.688,E 5 St & Ave A,5626.06,Lafayette St & E 8 St,5788.13,40.72479007746337,-73.98430064320564,40.73020660529954,-73.99102628231049,member,2022-09-28,17.2,5.534983333333333,30761,9,fall
5658403,50CBDD3887D8AE9E,electric_bike,2022-09-29 20:58:29.353,2022-09-29 21:11:25.396,Waterbury St & Stagg St,5099.02,Bedford Ave & Nassau Ave,5550.05,40.71019,-73.93734,40.72311651,-73.95212324,casual,2022-09-29,16.6,12.93405,30243,9,fall
5688646,928915626542E5ED,classic_bike,2022-09-30 23:35:08.007,2022-09-30 23:39:07.788,E 40 St & Park Ave,6432.11,Lexington Ave & E 29 St,6164.09,40.750756,-73.978326,40.74311555376486,-73.98215353488922,member,2022-09-30,14.5,3.99635,28833,9,fall
5717479,20631D249187AC25,electric_bike,2022-10-01 00:39:02.582,2022-10-01 00:43:35.713,1 Pl & Clinton St,4193.14,Bergen St & Smith St,4446.01,40.6809591,-73.99905709,40.6867443,-73.99063168,member,2022-10-01,14.8,4.552183333333333,14803,10,fall
5732282,E25EB3113FE7950A,classic_bike,2022-10-02 20:29:48.990,2022-10-02 20:39:22.354,Crescent St & Broadway,6827.11,Vernon Blvd & 10 St,6937.07,40.7633589,-73.9286471,40.7671863,-73.9373554,member,2022-10-02,15.2,9.556066666666668,12813,10,fall
5745095,DEEA4833DE81E6D1,classic_bike,2022-10-03 09:38:07.299,2022-10-03 09:52:43.001,E 13 St & Avenue A,5779.09,W 20 St & 8 Ave,6224.05,40.72966729392978,-73.98067966103554,40.74345335,-74.00004031,member,2022-10-03,11.5,14.595033333333332,12229,10,fall
5757324,17E929578BAD0032,electric_bike,2022-10-04 07:04:44.956,2022-10-04 07:09:22.918,Knickerbocker Ave & Moffat St,4582.08,Madison St & Cypress Ave,4807.02,40.690434,-73.903737,40.70068,-73.90742,member,2022-10-04,10.3,4.6327,13163,10,fall
5770487,121738B51583FE26,electric_bike,2022-10-05 13:53:08.673,2022-10-05 14:07:34.509,Bruckner Blvd & Bryant Ave,7944.11,E 149 St & Park Ave,7884.04,40.821952,-73.888546,40.818154,-73.925294,member,2022-10-05,13.8,14.4306,17245,10,fall
5787732,2E39149863188829,classic_bike,2022-10-06 17:06:47.954,2022-10-06 17:27:03.928,1 Ave & E 44 St,6379.03,Suffolk St & Stanton St,5445.02,40.75001986,-73.96905301,40.72066442,-73.98517977,member,2022-10-06,17.6,20.266233333333332,31133,10,fall
5818865,EA5BA3A4401FEDDF,classic_bike,2022-10-07 19:17:44.715,2022-10-07 19:40:15.634,Avenue D & E 12 St,5575.08,Ave D & E 8 St,5506.10,40.72580614,-73.97422494,40.72368361,-73.97574813,member,2022-10-07,20.3,22.515316666666667,30633,10,fall
5849498,99DBB1D2D9C7DEBB,electric_bike,2022-10-08 13:15:48.343,2022-10-08 13:21:42.008,Anthony Ave & E Tremont Ave,8356.04,Webster Ave & E 166 St,8052.01,40.848793,-73.903178,40.828975,-73.911259,member,2022-10-08,13.9,5.894416666666667,24980,10,fall
5874478,B742C13601C5E46D,classic_bike,2022-10-09 18:45:56.299,2022-10-09 19:02:48.208,Union St & Bedford Ave,3879.04,14 St & 7 Ave,3731.11,40.6691783,-73.9554162,40.663779,-73.98396846,casual,2022-10-09,12.3,16.86515,23478,10,fall
5897956,CBA1311C42A1EDCE,classic_bike,2022-10-10 09:49:20.368,2022-10-10 09:51:00.680,Adam Clayton Powell Blvd & W 130 St,7774.02,Adam Clayton Powell Blvd & W 126 St,7738.04,40.812346,-73.946168,40.80949534777948,-73.94776493310928,member,2022-10-10,15.8,1.6718666666666666,23938,10,fall
5921894,073CCA8E896CBD3C,classic_bike,2022-10-11 20:10:36.571,2022-10-11 20:15:08.406,E 138 St & Park Ave,7803.02,Willis Ave & E 141 St,7759.08,40.81263616769319,-73.92924964427948,40.81093,-73.921606,member,2022-10-11,17.0,4.530583333333333,28186,10,fall
5950080,099BB2B704D68D8B,electric_bike,2022-10-12 16:47:58.240,2022-10-12 16:53:18.510,2 Ave & E 29 St,6122.09,E 35 St & Madison Ave,6398.08,40.74172351097472,-73.97809267044067,40.74848023448579,-73.98255586624146,member,2022-10-12,17.9,5.337833333333333,29333,10,fall
5979413,1BFDCCD5C2BBF9B7,classic_bike,2022-10-13 00:31:04.012,2022-10-13 00:33:11.926,W 35 St & 9 Ave,6569.09,W 33 St & 10 Ave,6492.04,40.75414519263519,-73.9960889518261,40.75377336836039,-73.99937599897385,member,2022-10-13,18.7,2.1319,18272,10,fall
5997685,5ED62B1085470348,classic_bike,2022-10-14 09:06:03.777,2022-10-14 09:15:58.523,W 20 St & 8 Ave,6224.05,E 9 St & 5 Ave,5872.10,40.74345335,-74.00004031,40.73275887045087,-73.99581670761108,casual,2022-10-14,15.7,9.912433333333333,28680,10,fall
6026365,43B37E1769103303,classic_bike,2022-10-15 13:20:23.243,2022-10-15 13:29:14.530,E 5 St & Ave A,5626.06,Orchard St & Grand St,5343.11,40.72479007746337,-73.98430064320564,40.717318403855785,-73.99067759513855,casual,2022-10-15,16.2,8.854783333333334,29719,10,fall
6056084,7EE2E69FECCE359B,classic_bike,2022-10-16 00:00:36.946,2022-10-16 00:20:38.624,Riverside Dr & W 104 St,7623.13,W 64 St & Thelonious Monk Circle,7123.04,40.8013434,-73.9711457439,40.77515953434235,-73.98918695747852,member,2022-10-16,16.1,20.027966666666668,25376,10,fall
6081460,0604875DC13DCA42,classic_bike,2022-10-17 14:56:35.940,2022-10-17 14:58:55.554,Great Jones St,5636.11,E 4 St & 2 Ave,5593.04,40.72743423,-73.99379025,40.7262807,-73.98978041,member,2022-10-17,16.6,2.3269,22125,10,fall
6103585,5425637F658D4DAF,classic_bike,2022-10-18 17:20:37.799,2022-10-18 17:27:31.500,St Nicholas Ave & W 134 St,7837.3,5 Ave & W 131 St,7735.05,40.816234,-73.948222,40.81014,-73.93973,member,2022-10-18,12.6,6.895016666666667,25132,10,fall
6128717,05823B86C836BA86,classic_bike,2022-10-19 17:37:43.058,2022-10-19 17:59:02.133,West Thames St,5114.06,E 2 St & Avenue A,5553.10,40.70834698,-74.01713445,40.72307749068673,-73.98583620786667,member,2022-10-19,10.0,21.31791666666667,24673,10,fall
6153390,A0A999232CCBAABA,electric_bike,2022-10-20 08:27:48.392,2022-10-20 08:42:48.968,Lafayette St & E 8 St,5788.13,W 56 St & 10 Ave,6955.01,40.73020660529954,-73.99102628231049,40.768254,-73.988639,member,2022-10-20,11.1,15.0096,25968,10,fall
6179358,129A520C09DCED4E,electric_bike,2022-10-21 12:08:49.035,2022-10-21 12:19:27.758,W 25 St & 6 Ave,6215.04,Great Jones St,5636.11,40.74395411,-73.99144871,40.72743423,-73.99379025,member,2022-10-21,13.4,10.645383333333331,27305,10,fall
6206663,17B6B047BA2FD650,classic_bike,2022-10-22 15:01:24.580,2022-10-22 15:28:18.431,West End Ave & W 78 St,7340.07,5 Ave & E 72 St,7100.07,40.783786,-73.981687,40.77282817,-73.96685276,casual,2022-10-22,14.4,26.897516666666668,28046,10,fall
6234709,8471383819828E81,classic_bike,2022-10-23 12:03:31.368,2022-10-23 12:20:21.810,LaGuardia Pl & W 3 St,5721.14,Allen St & Rivington St,5414.06,40.72917025,-73.99810231,40.72019576,-73.98997825,casual,2022-10-23,14.7,16.840700000000002,16717,10,fall
6251426,942B2027B1D731FF,classic_bike,2022-10-24 06:54:57.277,2022-10-24 06:58:51.569,Suffolk St & Stanton St,5445.02,E 9 St & Avenue C,5616.01,40.72066442,-73.98517977,40.72521311,-73.97768752,member,2022-10-24,14.1,3.9048666666666665,16504,10,fall
6267930,35962BBB80F2DC72,classic_bike,2022-10-25 16:45:29.822,2022-10-25 17:19:57.072,5 Ave & E 72 St,7100.07,Central Park W & W 97 St,7538.18,40.77282817,-73.96685276,40.79249519495111,-73.96417066463071,member,2022-10-25,16.9,34.454166666666666,24374,10,fall
6292304,1F09A7FCF9071D84,classic_bike,2022-10-26 17:41:45.703,2022-10-26 18:02:13.275,E 22 St & 2 Ave,5971.09,2 Ave & E 31 St,6197.02,40.73716919369882,-73.98122549057007,40.74290902,-73.97706058,casual,2022-10-26,18.3,20.459533333333333,28264,10,fall
6320568,FAE9C4CE7B102136,electric_bike,2022-10-27 18:20:28.827,2022-10-27 18:37:09.316,Greenwich St & Hubert St,5470.1,West St & Liberty St,5184.08,40.721319,-74.010065,40.711444,-74.014847,member,2022-10-27,16.9,16.67481666666667,28843,10,fall
6349411,1E60E764BE2C8A95,electric_bike,2022-10-28 19:40:32.981,2022-10-28 19:41:36.797,E 20 St & FDR Dr,5886.13,E 20 St & FDR Dr,5886.13,40.733208626522426,-73.9756813647,40.733208626522426,-73.9756813647,member,2022-10-28,11.3,1.0636,26286,10,fall
6375697,5936D99ECCA836CB,classic_bike,2022-10-29 13:49:36.851,2022-10-29 13:57:19.637,8 Ave & W 33 St,6450.12,W 49 St & 8 Ave,6747.06,40.751551,-73.993934,40.76227205,-73.98788205,casual,2022-10-29,10.8,7.7131,26168,10,fall
6401865,C64C1FA6953E6568,classic_bike,2022-10-30 16:29:24.084,2022-10-30 16:36:32.869,Perry St & Bleecker St,5922.07,Spring St & Hudson St,5653.12,40.73535398,-74.00483091,40.72583996792375,-74.0076532959938,member,2022-10-30,12.5,7.146416666666667,23929,10,fall
6425794,B30504BC4F2F1128,classic_bike,2022-10-31 06:17:56.310,2022-10-31 06:34:20.589,Orchard St & Grand St,5343.11,8 Ave & W 16 St,6072.11,40.717318403855785,-73.99067759513855,40.740983,-74.001702,member,2022-10-31,14.4,16.40465,24182,10,fall
6449976,3F66CAA1300B77A8,electric_bike,2022-11-01 15:22:24.909,2022-11-01 16:14:08.622,Cadman Plaza E & Red Cross Pl,4821.06,34 St & 5 Ave,3451.01,40.69991755,-73.98971773,40.654098,-74.001131,casual,2022-11-01,16.9,51.728550000000006,25731,11,fall
6475707,5D050629365AF25F,electric_bike,2022-11-02 17:38:30.789,2022-11-02 17:47:48.661,1 Ave & E 16 St,5779.08,W Broadway & W Houston St,5644.05,40.73221853,-73.98165557,40.726378,-74.000472,member,2022-11-02,17.6,9.297866666666666,29420,11,fall
6505127,1BE016ED81536351,electric_bike,2022-11-03 08:40:04.747,2022-11-03 08:49:18.831,6 Ave & W 33 St,6364.07,1 Ave & E 30 St,6079.03,40.74901271,-73.98848395,40.74144387,-73.97536082,member,2022-11-03,15.7,9.234733333333333,29049,11,fall
6534176,C34E5087DC01BD8E,classic_bike,2022-11-04 13:48:40.875,2022-11-04 13:50:38.796,Gansevoort St & Hudson St,6072.14,8 Ave & W 16 St,6072.11,40.73944820130404,-74.00507032871246,40.740983,-74.001702,member,2022-11-04,15.2,1.96535,29391,11,fall
6563567,678EE1A3248DECA3,classic_bike,2022-11-05 12:11:18.142,2022-11-05 12:13:01.247,Lenox Ave & W 111 St,7602.05,Central Park North & Adam Clayton Powell Blvd,7617.07,40.7987859,-73.9523,40.799484,-73.955613,member,2022-11-05,19.4,1.7184166666666667,30458,11,fall
6594025,670A282B680EDA43,classic_bike,2022-11-06 04:21:37.190,2022-11-06 04:29:45.158,Wythe Ave & Metropolitan Ave,5348.02,S 5 Pl & S 5 St,5125.03,40.716887,-73.963198,40.710451,-73.960876,casual,2022-11-06,19.8,8.1328,25879,11,fall
6619904,F6C23589BEEC353B,electric_bike,2022-11-07 08:55:38.337,2022-11-07 09:34:10.956,46 St & 7 Ave,3117.05,E 53 St & 3 Ave,6617.02,40.644743,-74.003754,40.75763227739443,-73.96930575370789,member,2022-11-07,21.3,38.54365,26696,11,fall
6646600,16955DFE94FA2E3C,classic_bike,2022-11-08 09:56:00.659,2022-11-08 10:02:04.784,Myrtle Ave & St Edwards St,4659.02,Willoughby Ave & Hall St,4611.03,40.69327018,-73.97703874,40.69196035,-73.96536851,casual,2022-11-08,13.2,6.06875,23954,11,fall
6670554,528F2433C0FB9D98,classic_bike,2022-11-09 19:25:15.556,2022-11-09 19:33:37.412,Vesey St & Church St,5216.06,North Moore St & Greenwich St,5470.12,40.71221958009051,-74.01047229766846,40.720195,-74.010301,member,2022-11-09,8.7,8.364266666666667,23738,11,fall
6694292,482762AAAB3CA7D1,classic_bike,2022-11-10 19:39:30.624,2022-11-10 19:47:09.162,6 Ave & W 34 St,6364.1,W 44 St & 11 Ave,6756.05,40.74964,-73.98805,40.762009,-73.996975,member,2022-11-10,12.6,7.6423,27297,11,fall
6721589,628EB72D14E5E359,classic_bike,2022-11-11 10:25:34.623,2022-11-11 10:36:24.934,Berkeley Pl & 6 Ave,4134.06,Cumberland St & Lafayette Ave,4428.02,40.6765304,-73.97846879,40.68753406,-73.97265183,member,2022-11-11,16.4,10.838516666666669,13705,11,fall
6735294,5211AADFD94F52BE,electric_bike,2022-11-12 16:56:05.641,2022-11-12 17:23:23.218,Bayard St & Leonard St,5442.05,Crescent St & Broadway,6827.11,40.71915571696044,-73.94885390996933,40.7633589,-73.9286471,member,2022-11-12,19.7,27.29295,28366,11,fall
6763660,4D9CDB01D5C2BEA1,electric_bike,2022-11-13 12:06:44.711,2022-11-13 12:11:52.533,Lafayette St & Jersey St,5561.06,E Houston St & Columbia St,5436.11,40.72456089,-73.99565293,40.71978635452822,-73.97871628403664,member,2022-11-13,12.9,5.130366666666666,17309,11,fall
6780969,0DA4736EFC2F7F8E,electric_bike,2022-11-14 16:26:25.049,2022-11-14 16:43:36.302,10 Ave & W 28 St,6459.04,W 63 St & Broadway,7052.01,40.75066386,-74.00176802,40.77163851,-73.98261428,member,2022-11-14,6.3,17.187549999999998,18545,11,fall
6799514,9436B8FB2B96461C,electric_bike,2022-11-15 15:51:24.778,2022-11-15 16:04:13.513,Bank St & Hudson St,5922.08,Washington Pl & Broadway,5755.01,40.73652889,-74.00618026,40.72903917,-73.99404649,member,2022-11-15,4.9,12.81225,16152,11,fall
6815666,54661C5A8D7678AE,classic_bike,2022-11-16 21:25:18.618,2022-11-16 21:31:14.241,W 35 St & 8 Ave,6526.01,W 43 St & 10 Ave,6756.01,40.752762088742045,-73.99280458705107,40.76009437,-73.99461843,member,2022-11-16,7.3,5.9270499999999995,19078,11,fall
6834744,BF50747B83206DC9,classic_bike,2022-11-17 18:08:05.503,2022-11-17 18:22:03.437,36 Ave & 10 St,6737.03,44 Dr & Jackson Ave,6352.01,40.7614376,-73.9411265,40.74718234,-73.9432635,casual,2022-11-17,5.7,13.965566666666666,19503,11,fall
6854247,B1A3E9D7D36B7940,electric_bike,2022-11-18 19:11:23.161,2022-11-18 19:19:13.353,W 25 St & 6 Ave,6215.04,8 Ave & W 33 St,6450.12,40.74395411,-73.99144871,40.751551,-73.993934,member,2022-11-18,4.5,7.836533333333334,18366,11,fall
6872613,96E1129466243277,electric_bike,2022-11-19 14:22:06.654,2022-11-19 14:33:59.564,Grand Concourse & E 161 St,8021.11,Creston Ave & E 178 St,8379.07,40.82713380423556,-73.9227358996868,40.850885,-73.906469,member,2022-11-19,2.8,11.881833333333333,14856,11,fall
6887469,BBF4B18E01A2385A,electric_bike,2022-11-20 15:54:25.147,2022-11-20 16:34:02.941,Jefferson Ave & Evergreen Ave,4517.03,8 Ave & W 38 St,6526.05,40.68989,-73.91458,40.75461,-73.99177,member,2022-11-20,2.7,39.6299,11220,11,fall
6898689,6E82E256DA324993,electric_bike,2022-11-21 16:10:36.811,2022-11-21 16:14:27.290,Dean St & Franklin Ave,4107.13,New York Ave & St Marks Ave,4098.06,40.67759206937376,-73.955637216568,40.67514,-73.94716,member,2022-11-21,1.1,3.8413166666666663,14941,11,fall
6913630,8CBB59BF38883BDE,classic_bike,2022-11-22 18:14:42.960,2022-11-22 18:26:10.916,E 47 St & Park Ave,6584.12,E 30 St & Park Ave S,6206.08,40.75510267,-73.97498696,40.74444921,-73.98303529,member,2022-11-22,6.6,11.465933333333334,18366,11,fall
6931996,E725BF62CC80C822,electric_bike,2022-11-23 19:23:22.504,2022-11-23 19:29:17.767,3 Ave & E 71 St,6960.10,Columbus Ave & W 72 St,7175.05,40.76873687,-73.96119945,40.7770575,-73.97898475,casual,2022-11-23,9.4,5.921049999999999,18604,11,fall
6950600,7F534C7016AA6C55,classic_bike,2022-11-24 14:50:38.543,2022-11-24 15:00:42.291,Lewis Ave & Madison St,4425.02,Stuyvesant Ave & Gates Ave,4458.06,40.686312,-73.935775,40.68834,-73.93306,casual,2022-11-24,8.1,10.062466666666667,9402,11,fall
6960002,8F208F1DD1854A65,classic_bike,2022-11-25 13:52:21.645,2022-11-25 14:33:04.099,E 76 St & Park Ave,7128.08,Allen St & Stanton St,5484.09,40.773763,-73.96222088,40.722055,-73.989111,member,2022-11-25,10.0,40.70756666666667,10705,11,fall
6970707,D99FFD90D0C11DCD,classic_bike,2022-11-26 13:01:08.312,2022-11-26 13:37:27.115,30 St & 4 Ave,3564.04,Lafayette Ave & Classon Ave,4452.01,40.657743,-74.001141,40.68900443,-73.96023854,casual,2022-11-26,9.3,36.313383333333334,14939,11,fall
6985646,65F2978B9667ADDA,electric_bike,2022-11-27 13:08:48.212,2022-11-27 13:20:50.311,36 St & Ditmars Blvd,7111.1,Vernon Blvd & 10 St,6937.07,40.774306,-73.908335,40.7671863,-73.9373554,member,2022-11-27,10.7,12.034983333333336,8590,11,fall
6994236,D892366B46C7A6ED,electric_bike,2022-11-28 20:31:18.889,2022-11-28 20:36:20.168,Lispenard St & Broadway,5391.06,Liberty St & Broadway,5105.01,40.71939226,-74.00247214,40.70905623,-74.01043382,member,2022-11-28,12.2,5.021316666666666,17995,11,fall
7012231,AA5732298B4BB07F,classic_bike,2022-11-29 16:45:47.513,2022-11-29 16:59:47.879,1 Ave & E 16 St,5779.08,W 4 St & 7 Ave S,5880.02,40.73221853,-73.98165557,40.73401143,-74.00293877,member,2022-11-29,5.4,14.0061,18790,11,fall
7031021,A8C83BC78343E9FE,electric_bike,2022-11-30 12:44:46.920,2022-11-30 12:50:14.386,E 67 St & Park Ave,6932.14,7 Ave & Central Park South,6912.01,40.76780080148132,-73.96592080593109,40.7667405590595,-73.9790689945221,member,2022-11-30,8.4,5.457766666666667,13716,11,fall
7044737,09A35539104AF814,classic_bike,2022-12-01 07:48:13.636,2022-12-01 07:57:10.831,Allen St & Stanton St,5484.09,Spruce St & Nassau St,5137.10,40.722055,-73.989111,40.71146364,-74.00552427,member,2022-12-01,5.7,8.95325,18364,12,winter
7063101,8AE43F7AAA4685D9,electric_bike,2022-12-02 17:22:05.259,2022-12-02 17:36:38.152,Whitehall St & Bridge St,4962.02,11 Ave & W 27 St,6425.04,40.70366170524135,-74.0131813287735,40.751396,-74.005226,member,2022-12-02,3.4,14.548216666666669,18640,12,winter
7081741,3E986C9924426ECD,electric_bike,2022-12-03 08:01:40.101,2022-12-03 08:10:12.560,Washington Park,4546.05,Grand Army Plaza & Plaza St West,4010.15,40.6917823,-73.9737299,40.6729679,-73.97087984,member,2022-12-03,10.6,8.540983333333333,11325,12,winter
7093066,7408A6E79EA19499,classic_bike,2022-12-04 17:13:33.560,2022-12-04 17:18:50.659,Pearl St & York St,4895.15,Nassau St & Duffield St,4781.05,40.701064467,-73.987798095,40.698477,-73.98384,member,2022-12-04,7.0,5.284983333333333,15567,12,winter
7108633,B32022DB9975B1BC,classic_bike,2022-12-05 21:30:35.393,2022-12-05 21:40:33.381,6 Ave & W 45 St,6593.15,FDR Drive & E 35 St,6230.04,40.756951,-73.982631,40.744219,-73.97121214,member,2022-12-05,5.4,9.966466666666667,18406,12,winter
7127039,469CF72CB9A171E1,classic_bike,2022-12-06 07:41:49.280,2022-12-06 07:47:59.357,Broadway & W 58 St,6948.1,E 58 St & Madison Ave,6839.04,40.76695317,-73.98169333,40.76302594280519,-73.97209525108337,member,2022-12-06,9.3,6.16795,13134,12,winter
7140173,544971D85300A942,electric_bike,2022-12-07 17:27:36.201,2022-12-07 17:34:45.849,E 40 St & Park Ave,6432.11,Broadway & E 19 St,6098.12,40.750756,-73.978326,40.73866091428551,-73.98987293243407,member,2022-12-07,13.8,7.1608,18487,12,winter
7158660,725912332D215E77,classic_bike,2022-12-08 09:40:11.606,2022-12-08 09:55:11.875,31 St & Broadway,6789.04,44 Dr & Jackson Ave,6352.01,40.761584,-73.925921,40.74718234,-73.9432635,member,2022-12-08,11.6,15.004483333333331,22396,12,winter
7181056,A1EA64AAD5532ADB,electric_bike,2022-12-09 12:30:06.443,2022-12-09 12:38:20.523,Grand Concourse & E 144 St,7845.06,St Ann's Ave & Westchester Ave,7835.10,40.81687,-73.927985,40.815887,-73.911918,member,2022-12-09,5.3,8.234666666666666,19375,12,winter
7200431,D6C86B53E0927B6A,electric_bike,2022-12-10 21:41:16.550,2022-12-10 21:43:51.415,W 120 St & Claremont Ave,7745.07,Cathedral Pkwy & Broadway,7680.03,40.8109494,-73.9634,40.804213,-73.96699104,member,2022-12-10,2.2,2.5810833333333334,15765,12,winter
7216196,DF6791149F22424F,classic_bike,2022-12-11 07:17:27.560,2022-12-11 07:24:10.072,E 31 St & 3 Ave,6239.08,8 Ave & W 27 St,6297.07,40.74394314,-73.97966069,40.747968,-73.996637,member,2022-12-11,3.4,6.7085333333333335,8182,12,winter
7224378,61B0219C904A5E15,electric_bike,2022-12-12 18:42:54.993,2022-12-12 19:04:28.773,Scholes St & Manhattan Ave,5108.01,Sands St & Jay St,4821.03,40.70870368,-73.9448625,40.700119,-73.9862,member,2022-12-12,1.6,21.563,14981,12,winter
7239359,F33304DDA304995E,classic_bike,2022-12-13 22:49:47.263,2022-12-13 22:57:15.768,Cleveland Pl & Spring St,5492.05,Washington Pl & 6 Ave,5838.09,40.722103786686034,-73.99724900722504,40.73224119,-74.00026394,member,2022-12-13,0.3,7.475083333333333,16272,12,winter
7255631,67A0DA470750F072,classic_bike,2022-12-14 08:06:56.305,2022-12-14 08:10:37.833,Canal St & Rutgers St,5303.08,Division St & Bowery,5270.08,40.71427487,-73.98990025,40.714193,-73.996732,member,2022-12-14,1.7,3.692133333333333,16682,12,winter
7272313,9296AC086059F634,classic_bike,2022-12-15 11:40:21.939,2022-12-15 12:30:10.296,Broadway & W 36 St,6441.01,E 40 St & Park Ave,6432.11,40.75097711,-73.98765428,40.750756,-73.978326,member,2022-12-15,2.7,49.80595,10757,12,winter
7283070,7F524DD7B9525B20,classic_bike,2022-12-16 22:22:34.079,2022-12-16 22:28:10.302,W 84 St & Broadway,7409.08,Riverside Dr & W 72 St,7288.04,40.7867947,-73.977112,40.78057799010334,-73.98562431335449,member,2022-12-16,6.2,5.603716666666667,7111,12,winter
7290181,E671EF7F059B8C00,classic_bike,2022-12-17 07:50:52.073,2022-12-17 07:53:38.751,14 St & 7 Ave,3731.11,6 Ave & 9 St,3803.09,40.663779,-73.98396846,40.668127,-73.98377641,member,2022-12-17,5.0,2.7779666666666665,14848,12,winter
7305029,8EA3CD0D3B5D1856,electric_bike,2022-12-18 11:10:19.297,2022-12-18 11:19:43.843,Wythe Ave & Metropolitan Ave,5348.02,Emerson Pl & Myrtle Ave,4683.02,40.716887,-73.963198,40.69363137,-73.96223558,member,2022-12-18,3.1,9.4091,12086,12,winter
7317115,EA488EC8174C2724,classic_bike,2022-12-19 12:33:20.327,2022-12-19 12:39:25.744,W 82 St & Central Park West,7304.08,Amsterdam Ave & W 79 St,7311.02,40.78275,-73.97137,40.7829391,-73.9786517,member,2022-12-19,1.7,6.090283333333333,13353,12,winter
7330468,A7AB80AC2451FFC5,electric_bike,2022-12-20 08:18:34.888,2022-12-20 08:59:19.884,Wythe Ave & Metropolitan Ave,5348.02,Jay St & Tech Pl,4710.06,40.716887,-73.963198,40.695065,-73.987167,member,2022-12-20,1.9,40.74993333333334,14457,12,winter
7344925,CB2EA79360AB35E4,classic_bike,2022-12-21 07:27:50.391,2022-12-21 07:29:41.174,Clinton St & Grand St,5303.06,Grand St & Samuel Dickstein Plaza,5335.07,40.71559509,-73.9870295,40.71511871996496,-73.98417055606842,member,2022-12-21,1.0,1.8463833333333333,14845,12,winter
7359770,8598302249DEC7F3,electric_bike,2022-12-22 13:39:25.777,2022-12-22 13:46:44.300,Convent Ave & W 135 St,7860.08,W 110 St & Amsterdam Ave,7646.04,40.818215,-73.950988,40.802692,-73.96295,member,2022-12-22,3.8,7.308716666666667,9703,12,winter
7369473,1304395F2F062379,electric_bike,2022-12-23 15:56:32.116,2022-12-23 16:44:22.877,University Pl & E 14 St,5905.14,10 Ave & W 28 St,6459.04,40.734814,-73.992085,40.75066386,-74.00176802,member,2022-12-23,7.5,47.846016666666664,6384,12,winter
7375857,03C45356133247EF,electric_bike,2022-12-24 08:26:34.468,2022-12-24 08:29:51.971,Flushing Ave & Vanderbilt Ave,4762.05,Sands St Gate,4812.04,40.69795031569544,-73.97077560424805,40.699569,-73.979827,member,2022-12-24,-11.7,3.2917166666666664,2872,12,winter
7378729,D8E24BFBB1FA4115,electric_bike,2022-12-25 13:31:15.215,2022-12-25 13:37:11.344,W 100 St & Manhattan Ave,7538.14,Amsterdam Ave & W 119 St,7727.07,40.795,-73.9645,40.80863217506367,-73.95958609887202,member,2022-12-25,-6.9,5.935483333333334,2237,12,winter
7380966,FA7952E7123625C4,electric_bike,2022-12-26 15:05:40.676,2022-12-26 15:16:15.246,North Moore St & Greenwich St,5470.12,9 Ave & W 18 St,6190.08,40.72019521437465,-74.0103006362915,40.74317449,-74.00366443,member,2022-12-26,-4.7,10.576166666666667,4757,12,winter
7385723,EC385C4DBCA5BD26,electric_bike,2022-12-27 20:46:27.003,2022-12-27 21:03:13.772,Macombs Pl & W 152 St,8029.28,Lenox Ave & W 130 St,7753.13,40.826406,-73.937948,40.8107922,-73.9430681,member,2022-12-27,-0.7,16.779483333333335,8341,12,winter
7394064,03C61404805FBE76,classic_bike,2022-12-28 21:17:09.129,2022-12-28 21:33:11.945,Lexington Ave & Classon Ave,4452.03,Kent Ave & N 7 St,5489.03,40.68676793,-73.95928168,40.72036775298455,-73.96165072917938,member,2022-12-28,3.4,16.046933333333335,11007,12,winter
7405071,F4FC8BA00F9C7416,classic_bike,2022-12-29 07:13:42.345,2022-12-29 07:28:57.997,8 Ave & W 31 St,6450.05,Grand St & Greene St,5500.02,40.7505853470215,-73.9946848154068,40.72170005235607,-74.00238141417502,member,2022-12-29,6.4,15.260866666666669,13135,12,winter
7418206,A470CFD743E2C01F,classic_bike,2022-12-30 08:20:19.185,2022-12-30 08:26:37.961,E 47 St & 2 Ave,6498.1,Grand Army Plaza & Central Park S,6839.10,40.75323098,-73.97032517,40.7643971,-73.97371465,member,2022-12-30,9.3,6.3129333333333335,15444,12,winter
7433650,7CB7E61D21B38646,electric_bike,2022-12-31 16:35:13.563,2022-12-31 16:49:34.884,Pulaski St & Marcus Garvey Blvd,4656.03,Bergen St & Vanderbilt Ave,4157.10,40.6933982,-73.939877,40.6794388,-73.9680438,casual,2022-12-31,8.2,14.35535,7858,12,winter
